"timeStamp","paleo","kale","dairy"
2012-01-01,957,1116,2994
2012-01-02,1392,1484,4645
2012-01-03,1677,1782,5445
2012-01-04,1736,1991,5541
2012-01-05,1504,1994,6160
2012-01-06,1299,2127,6540
2012-01-07,1156,1645,4776
2012-01-08,1100,1831,4357
2012-01-09,1384,2025,6494
2012-01-10,1586,1946,8521
2012-01-11,1702,2042,5451
2012-01-12,1607,1941,5387
2012-01-13,1334,1941,5343
2012-01-14,1110,1693,4605
2012-01-15,1007,1516,6001
2012-01-16,1374,1748,5347
2012-01-17,1510,1958,5118
2012-01-18,1350,2111,4871
2012-01-19,1349,2290,5690
2012-01-20,1408,2099,6779
2012-01-21,1007,1768,5138
2012-01-22,1015,1792,4874
2012-01-23,1216,2062,5547
2012-01-24,1669,2178,5523
2012-01-25,1434,2817,6496
2012-01-26,1434,2184,5634
2012-01-27,1335,1914,5629
2012-01-28,1142,1478,5156
2012-01-29,1091,1594,5051
2012-01-30,1509,2137,6726
2012-01-31,1613,2530,6850
2012-02-01,1452,2262,6070
2012-02-02,1557,2033,6305
2012-02-03,1524,2165,6210
2012-02-04,1139,1735,5760
2012-02-05,1212,1604,4915
2012-02-06,1322,1708,5080
2012-02-07,1386,2201,5731
2012-02-08,1299,2027,5497
2012-02-09,1430,1895,6158
2012-02-10,1513,1860,5583
2012-02-11,1269,1450,4607
2012-02-12,1166,1434,4455
2012-02-13,1406,1796,5405
2012-02-14,1498,1610,5009
2012-02-15,1847,1865,5306
2012-02-16,1500,1819,5576
2012-02-17,1373,1762,5404
2012-02-18,1192,1516,5077
2012-02-19,1250,1552,4884
2012-02-20,1689,1698,6263
2012-02-21,1852,2283,6394
2012-02-22,2122,2255,6909
2012-02-23,1532,2216,6325
2012-02-24,1540,1929,6208
2012-02-25,1097,1691,5650
2012-02-26,1505,1648,5445
2012-02-27,1689,1824,6148
2012-02-28,1686,1994,6324
2012-02-29,1710,2093,6572
2012-03-01,1728,2066,6886
2012-03-02,1525,2191,6647
2012-03-03,1437,1822,5365
2012-03-04,1209,1794,6150
2012-03-05,1607,2371,6747
2012-03-06,1489,2259,7571
2012-03-07,1498,2401,7413
2012-03-08,1412,2328,7474
2012-03-09,1445,1962,6791
2012-03-10,1349,1771,6037
2012-03-11,1051,1864,8489
2012-03-12,1403,2290,8607
2012-03-13,1622,2377,8813
2012-03-14,1488,2318,9999
2012-03-15,1641,2242,8825
2012-03-16,1665,2334,7579
2012-03-17,1351,2076,7314
2012-03-18,1417,1873,8602
2012-03-19,1442,2297,9408
2012-03-20,1469,2071,11411
2012-03-21,1525,2454,10122
2012-03-22,1328,2173,9122
2012-03-23,1497,1926,7559
2012-03-24,1244,1662,6071
2012-03-25,1282,1921,7057
2012-03-26,1380,2331,7445
2012-03-27,1535,2303,7237
2012-03-28,1568,2379,7466
2012-03-29,1408,2205,7139
2012-03-30,1433,1946,6441
2012-03-31,1333,1424,6117
2012-04-01,1273,1393,6496
2012-04-02,1542,1991,7434
2012-04-03,1397,2251,7487
2012-04-04,1509,2148,7672
2012-04-05,1743,1966,6923
2012-04-06,1543,1759,7702
2012-04-07,1154,1566,6451
2012-04-08,1399,1514,8431
2012-04-09,1625,1867,6780
2012-04-10,1647,2233,6881
2012-04-11,1690,2226,8608
2012-04-12,1469,2181,7797
2012-04-13,1417,2161,6830
2012-04-14,1161,1628,6199
2012-04-15,1099,1632,7629
2012-04-16,1598,2060,8489
2012-04-17,1703,2165,8613
2012-04-18,1688,2552,7441
2012-04-19,1521,2371,7411
2012-04-20,1372,2044,7169
2012-04-21,1234,2716,6706
2012-04-22,1190,1979,6275
2012-04-23,1599,2243,7764
2012-04-24,2078,2300,11356
2012-04-25,1855,2350,9588
2012-04-26,1810,2427,7807
2012-04-27,1693,2573,7075
2012-04-28,1226,2098,5752
2012-04-29,1334,2214,7078
2012-04-30,1481,2254,7553
2012-05-01,1833,2394,7742
2012-05-02,1677,2367,8761
2012-05-03,1692,2381,8961
2012-05-04,1542,2742,7725
2012-05-05,1193,1860,6286
2012-05-06,1134,1863,7301
2012-05-07,1380,2082,8033
2012-05-08,1590,2540,8214
2012-05-09,1645,2410,8429
2012-05-10,1513,2070,7607
2012-05-11,1489,2231,7980
2012-05-12,1291,1929,6466
2012-05-13,1044,1908,7135
2012-05-14,1582,1946,8185
2012-05-15,1680,2300,8802
2012-05-16,1655,2712,9850
2012-05-17,1599,2482,8884
2012-05-18,1622,2312,7905
2012-05-19,1340,1851,7508
2012-05-20,1143,1818,9734
2012-05-21,1496,2042,10696
2012-05-22,1639,2168,8338
2012-05-23,1613,2361,8742
2012-05-24,1443,1963,8477
2012-05-25,1396,1845,7869
2012-05-26,1292,1436,6755
2012-05-27,1084,1594,7486
2012-05-28,1231,1649,8932
2012-05-29,1709,1852,9234
2012-05-30,1694,2077,7948
2012-05-31,1671,2057,7871
2012-06-01,1699,2142,8360
2012-06-02,1871,1646,6654
2012-06-03,1925,1610,8068
2012-06-04,1765,1841,8843
2012-06-05,1950,2226,8622
2012-06-06,2098,2415,10054
2012-06-07,1945,2533,8517
2012-06-08,1799,2105,7940
2012-06-09,1357,1757,6446
2012-06-10,1350,1718,7152
2012-06-11,1732,2106,11221
2012-06-12,1930,2451,9578
2012-06-13,2182,2305,8798
2012-06-14,1988,2419,11398
2012-06-15,1723,2346,8953
2012-06-16,1496,1656,7255
2012-06-17,1480,1625,7045
2012-06-18,1667,1976,8680
2012-06-19,1735,2321,8614
2012-06-20,1769,2268,9726
2012-06-21,1753,1895,9494
2012-06-22,1747,2307,8969
2012-06-23,1436,1659,8161
2012-06-24,1496,1720,7163
2012-06-25,1939,2100,8298
2012-06-26,1707,2277,8720
2012-06-27,1732,2192,8698
2012-06-28,1888,2194,8622
2012-06-29,1718,1879,8117
2012-06-30,1257,1577,6943
2012-07-01,1445,1501,7991
2012-07-02,2408,2228,7815
2012-07-03,1669,2135,8548
2012-07-04,1486,1769,7261
2012-07-05,1530,2090,7395
2012-07-06,1611,2433,10495
2012-07-07,1352,1760,7623
2012-07-08,1482,1856,8054
2012-07-09,1746,2217,9821
2012-07-10,1907,2342,9591
2012-07-11,1945,2300,16848
2012-07-12,1746,2359,11327
2012-07-13,1613,2147,12062
2012-07-14,1551,1845,8583
2012-07-15,1562,1773,8137
2012-07-16,1982,2229,8725
2012-07-17,2490,2930,10264
2012-07-18,2421,2571,10086
2012-07-19,2136,2424,10682
2012-07-20,1686,2143,12486
2012-07-21,1570,1732,11006
2012-07-22,1385,1621,11755
2012-07-23,2061,2057,11922
2012-07-24,2146,2603,10919
2012-07-25,1997,2566,10522
2012-07-26,1927,2076,11884
2012-07-27,2190,2390,9580
2012-07-28,1337,1725,6784
2012-07-29,1433,1872,6899
2012-07-30,1706,2063,8514
2012-07-31,1871,2263,8122
2012-08-01,1987,2153,8347
2012-08-02,1830,2307,9309
2012-08-03,1657,2447,8633
2012-08-04,1368,1892,7443
2012-08-05,1402,1857,7706
2012-08-06,1919,1992,8022
2012-08-07,2264,2325,8359
2012-08-08,2397,2649,8855
2012-08-09,2145,2796,7983
2012-08-10,2101,2505,7587
2012-08-11,1808,2010,6652
2012-08-12,1751,2049,7207
2012-08-13,2008,2276,7803
2012-08-14,1884,2560,8017
2012-08-15,2145,2266,9710
2012-08-16,2136,2316,7916
2012-08-17,1852,2345,8094
2012-08-18,1434,1815,7022
2012-08-19,1618,1995,7082
2012-08-20,1947,2321,8281
2012-08-21,2212,2394,7975
2012-08-22,1886,2282,7705
2012-08-23,2374,2082,7879
2012-08-24,1894,2174,7361
2012-08-25,1675,1922,6699
2012-08-26,1472,1657,6647
2012-08-27,2008,2027,7001
2012-08-28,2041,2380,7084
2012-08-29,2217,2327,6917
2012-08-30,1841,2053,7099
2012-08-31,1792,2543,6569
2012-09-01,4263,1758,6654
2012-09-02,1657,1622,6301
2012-09-03,1823,2472,7495
2012-09-04,2200,2428,7517
2012-09-05,2086,2642,7747
2012-09-06,2296,2104,7942
2012-09-07,1897,2145,6230
2012-09-08,1563,1889,6268
2012-09-09,1644,2393,7288
2012-09-10,2015,2137,7956
2012-09-11,1952,2261,7474
2012-09-12,1869,2611,6955
2012-09-13,2059,2638,7034
2012-09-14,1754,2256,6035
2012-09-15,1620,1830,5610
2012-09-16,1619,2209,6888
2012-09-17,2147,2358,7294
2012-09-18,2203,2612,6939
2012-09-19,2013,2714,7249
2012-09-20,2649,2683,6900
2012-09-21,2017,2610,8129
2012-09-22,1494,1854,6153
2012-09-23,1585,2015,6555
2012-09-24,1804,2540,7010
2012-09-25,2076,2828,7401
2012-09-26,2154,2709,7228
2012-09-27,2143,2557,7379
2012-09-28,1714,2295,6150
2012-09-29,1465,2034,5875
2012-09-30,1548,2130,6882
2012-10-01,2095,2810,7849
2012-10-02,2069,3009,7420
2012-10-03,2209,2855,7997
2012-10-04,2020,2661,7975
2012-10-05,1826,2791,7268
2012-10-06,1392,2264,5781
2012-10-07,1596,2105,6968
2012-10-08,1971,2369,7324
2012-10-09,2140,2578,7824
2012-10-10,1915,3019,9019
2012-10-11,1886,2595,9368
2012-10-12,1596,2388,7705
2012-10-13,1244,1866,6399
2012-10-14,1316,2398,7075
2012-10-15,1834,2289,7265
2012-10-16,1885,2779,7746
2012-10-17,2027,2978,7917
2012-10-18,1980,2499,7373
2012-10-19,1810,2342,7134
2012-10-20,1500,2123,6414
2012-10-21,1508,2094,6915
2012-10-22,1880,2430,6997
2012-10-23,1971,2572,7550
2012-10-24,2098,2840,7585
2012-10-25,2118,2780,7537
2012-10-26,1940,2612,7278
2012-10-27,1367,2177,5898
2012-10-28,1553,2356,5624
2012-10-29,1821,3096,6533
2012-10-30,1981,2543,6539
2012-10-31,1746,2513,5977
2012-11-01,1777,2199,6521
2012-11-02,1722,2193,6335
2012-11-03,1498,2243,5408
2012-11-04,2023,2427,6052
2012-11-05,2255,2629,6418
2012-11-06,2098,2757,6523
2012-11-07,1878,3191,6463
2012-11-08,2188,2529,6708
2012-11-09,1928,2643,6411
2012-11-10,1451,2303,5872
2012-11-11,1589,2159,7520
2012-11-12,1927,2603,7631
2012-11-13,2029,2784,6964
2012-11-14,2009,2848,7402
2012-11-15,1975,2699,7427
2012-11-16,1885,2501,7007
2012-11-17,1689,1961,6223
2012-11-18,1667,1822,6494
2012-11-19,1996,2315,6740
2012-11-20,2155,2444,6964
2012-11-21,1949,2400,7352
2012-11-22,1966,2266,6398
2012-11-23,1649,1806,5036
2012-11-24,1383,1732,5564
2012-11-25,1419,1822,6171
2012-11-26,1672,2463,7082
2012-11-27,1800,2822,7634
2012-11-28,1957,2849,7105
2012-11-29,2085,2617,6280
2012-11-30,1912,2450,6288
2012-12-01,1565,1959,5641
2012-12-02,1753,1952,5834
2012-12-03,2201,2604,6319
2012-12-04,1921,2721,6412
2012-12-05,2005,2497,6821
2012-12-06,1964,2367,7336
2012-12-07,1795,2347,6406
2012-12-08,1486,2476,5686
2012-12-09,1568,2294,5598
2012-12-10,2739,2624,6604
2012-12-11,2081,2553,7083
2012-12-12,2107,2532,6875
2012-12-13,1991,2664,6237
2012-12-14,1713,1881,5522
2012-12-15,1414,1572,5032
2012-12-16,1629,1682,5308
2012-12-17,1696,2358,5961
2012-12-18,2036,2636,6318
2012-12-19,1895,2179,6194
2012-12-20,1764,2045,6419
2012-12-21,1713,2025,5709
2012-12-22,1520,1632,4953
2012-12-23,1488,1766,5238
2012-12-24,1445,1802,5547
2012-12-25,1332,1510,4246
2012-12-26,1371,1617,6834
2012-12-27,1652,2246,6051
2012-12-28,2948,2309,8312
2012-12-29,1803,2465,7600
2012-12-30,1993,2641,6006
2012-12-31,2084,2299,7624
2013-01-01,2037,2265,5809
2013-01-02,3035,3249,7196
2013-01-03,3433,3875,7287
2013-01-04,3070,3647,8130
2013-01-05,2748,3108,6685
2013-01-06,2735,3190,7160
2013-01-07,3389,3843,6926
2013-01-08,3490,4216,7277
2013-01-09,3438,3888,8891
2013-01-10,3190,3597,6953
2013-01-11,2958,3336,6854
2013-01-12,2555,3130,6092
2013-01-13,2528,2572,6434
2013-01-14,2959,3666,7705
2013-01-15,2995,4152,7403
2013-01-16,2808,3945,7505
2013-01-17,3050,3481,6799
2013-01-18,3018,3023,6571
2013-01-19,2725,2895,5924
2013-01-20,2775,3122,6609
2013-01-21,2957,3176,7395
2013-01-22,3247,3682,8473
2013-01-23,3313,3830,8462
2013-01-24,3041,8703,7742
2013-01-25,2996,4475,7292
2013-01-26,2647,3134,7101
2013-01-27,2718,3310,7740
2013-01-28,3166,3899,7861
2013-01-29,3303,4143,7710
2013-01-30,3532,5205,8902
2013-01-31,3226,3738,6989
2013-02-01,3092,3827,7926
2013-02-02,3250,2972,6496
2013-02-03,2710,2872,6293
2013-02-04,2930,3353,8396
2013-02-05,3121,3859,7923
2013-02-06,3120,4196,7971
2013-02-07,3185,4279,8099
2013-02-08,2939,4096,8749
2013-02-09,2348,3226,7770
2013-02-10,2470,2992,7229
2013-02-11,2909,3566,7936
2013-02-12,3350,3574,8320
2013-02-13,3058,3755,8462
2013-02-14,2706,2938,7119
2013-02-15,2475,2695,6658
2013-02-16,2582,2694,5942
2013-02-17,2465,2942,7002
2013-02-18,3295,3257,8325
2013-02-19,3284,3658,7662
2013-02-20,3435,4026,8245
2013-02-21,3319,4101,8095
2013-02-22,2947,3893,7897
2013-02-23,2516,3005,7837
2013-02-24,2518,3383,8028
2013-02-25,3012,3304,8630
2013-02-26,3163,4168,9994
2013-02-27,3026,3458,9629
2013-02-28,3047,3686,8713
2013-03-01,2729,3788,10522
2013-03-02,2434,3613,8235
2013-03-03,2398,3331,8073
2013-03-04,2956,3836,9132
2013-03-05,3047,5071,10211
2013-03-06,2810,4048,9329
2013-03-07,3083,4009,10151
2013-03-08,2989,3779,9140
2013-03-09,2490,3101,8900
2013-03-10,2636,3266,10520
2013-03-11,3374,3630,10232
2013-03-12,3301,3874,9106
2013-03-13,3487,3816,10380
2013-03-14,3362,3936,10621
2013-03-15,3044,3499,9853
2013-03-16,2630,2939,8398
2013-03-17,2857,3239,9136
2013-03-18,3877,3671,9584
2013-03-19,3879,3590,9187
2013-03-20,3306,3859,10542
2013-03-21,3363,3606,9190
2013-03-22,3084,4154,8403
2013-03-23,2779,2935,7914
2013-03-24,3091,3012,9036
2013-03-25,3327,3999,9481
2013-03-26,3914,4083,14132
2013-03-27,3322,3851,11792
2013-03-28,3241,4086,11410
2013-03-29,3374,3548,10121
2013-03-30,3322,2926,10761
2013-03-31,2801,2318,9038
2013-04-01,3103,3365,9261
2013-04-02,3332,3934,9193
2013-04-03,3716,3951,10424
2013-04-04,3531,3644,10150
2013-04-05,3260,3542,10047
2013-04-06,2691,2963,8388
2013-04-07,2911,2878,10432
2013-04-08,3172,3907,10560
2013-04-09,3561,3964,11387
2013-04-10,3362,3869,10993
2013-04-11,2774,4158,10119
2013-04-12,2913,3638,9633
2013-04-13,2464,2694,10448
2013-04-14,2484,3051,9765
2013-04-15,2975,3291,9738
2013-04-16,3061,3589,9150
2013-04-17,2837,3877,9492
2013-04-18,2662,3907,11154
2013-04-19,2538,3447,9291
2013-04-20,2257,2942,7748
2013-04-21,2255,2883,9360
2013-04-22,4206,3879,10476
2013-04-23,3900,5140,9873
2013-04-24,3472,3849,10692
2013-04-25,3102,3847,9131
2013-04-26,3138,3463,9770
2013-04-27,2481,3325,8386
2013-04-28,2476,2753,9508
2013-04-29,3439,5252,14054
2013-04-30,3080,3930,11051
2013-05-01,2954,3652,11332
2013-05-02,2979,3782,10877
2013-05-03,3135,3441,10178
2013-05-04,2471,3406,8768
2013-05-05,2273,2718,9810
2013-05-06,2571,3417,10738
2013-05-07,3048,3641,9904
2013-05-08,2973,3563,10047
2013-05-09,2908,3426,9660
2013-05-10,2580,3171,11364
2013-05-11,1917,2621,9629
2013-05-12,1744,2106,9161
2013-05-13,2322,2697,9439
2013-05-14,2512,3316,9723
2013-05-15,2508,3427,13891
2013-05-16,2407,3907,9827
2013-05-17,2307,3699,8778
2013-05-18,1991,2817,7702
2013-05-19,1875,2712,8978
2013-05-20,2376,3671,10079
2013-05-21,2726,3626,10208
2013-05-22,2666,3791,10001
2013-05-23,2400,3289,10064
2013-05-24,2379,3493,8302
2013-05-25,1998,2924,8085
2013-05-26,2017,2540,9622
2013-05-27,2238,2965,10472
2013-05-28,2435,3506,9800
2013-05-29,2688,3884,10634
2013-05-30,2620,3822,11268
2013-05-31,2795,3587,10119
2013-06-01,2336,2947,9752
2013-06-02,2152,2968,9530
2013-06-03,3944,3750,11402
2013-06-04,3410,3949,10747
2013-06-05,2931,4242,11624
2013-06-06,2660,3608,9732
2013-06-07,3623,4146,9689
2013-06-08,2406,3048,7506
2013-06-09,2187,3002,8606
2013-06-10,2764,3376,10093
2013-06-11,2799,3607,11374
2013-06-12,2550,3647,10760
2013-06-13,2661,3716,10348
2013-06-14,2361,3928,10099
2013-06-15,1928,3030,8227
2013-06-16,1744,2635,8607
2013-06-17,2492,3639,10350
2013-06-18,3004,3685,10489
2013-06-19,2646,3963,10094
2013-06-20,2796,3544,19421
2013-06-21,2469,3763,9282
2013-06-22,2353,2903,7759
2013-06-23,2230,2789,8183
2013-06-24,2874,3730,9594
2013-06-25,2859,3622,11175
2013-06-26,2823,4677,10376
2013-06-27,2780,3682,10093
2013-06-28,2431,3633,9544
2013-06-29,2102,3021,7639
2013-06-30,2148,3591,8206
2013-07-01,2545,3673,8680
2013-07-02,2797,5000,9266
2013-07-03,2751,4301,9066
2013-07-04,2035,3181,8363
2013-07-05,2046,3366,7001
2013-07-06,1840,2972,7071
2013-07-07,2962,3254,7743
2013-07-08,2754,3697,9253
2013-07-09,2673,4068,9462
2013-07-10,2991,3990,9710
2013-07-11,2926,4397,9170
2013-07-12,2437,3770,9423
2013-07-13,2131,2742,7240
2013-07-14,2023,2953,6584
2013-07-15,2593,3428,8601
2013-07-16,2601,3863,8878
2013-07-17,3279,3851,9303
2013-07-18,3055,3746,9453
2013-07-19,2746,4213,8988
2013-07-20,2337,5363,6673
2013-07-21,2161,3916,8245
2013-07-22,2886,3762,8382
2013-07-23,2982,3666,8381
2013-07-24,3163,4287,8827
2013-07-25,3069,3972,9052
2013-07-26,2689,3534,8111
2013-07-27,3220,3218,6657
2013-07-28,3643,3178,7145
2013-07-29,3312,3712,8514
2013-07-30,3321,4926,9251
2013-07-31,3173,4469,10076
2013-08-01,3223,3669,8516
2013-08-02,3256,3498,8265
2013-08-03,2452,3298,9968
2013-08-04,2433,2935,8955
2013-08-05,3091,3861,11909
2013-08-06,3552,4018,12493
2013-08-07,3276,4863,11893
2013-08-08,3152,4570,14133
2013-08-09,2814,3760,10420
2013-08-10,2310,3437,6927
2013-08-11,2316,3872,7454
2013-08-12,2812,4185,8523
2013-08-13,3311,4032,8665
2013-08-14,3112,3990,9132
2013-08-15,2960,4719,9644
2013-08-16,2737,4970,7936
2013-08-17,2651,3679,7602
2013-08-18,2776,3623,8454
2013-08-19,3237,4021,10701
2013-08-20,3389,4714,8194
2013-08-21,3193,4058,8415
2013-08-22,2884,4219,9119
2013-08-23,2832,3735,8084
2013-08-24,2150,3485,7008
2013-08-25,2421,7454,7169
2013-08-26,2790,5315,7499
2013-08-27,2891,5314,8450
2013-08-28,2989,4924,7754
2013-08-29,2772,4355,7390
2013-08-30,2543,4285,7430
2013-08-31,2326,3397,7367
2013-09-01,2212,3149,6982
2013-09-02,2857,3250,7918
2013-09-03,3067,4592,7480
2013-09-04,2813,4276,8155
2013-09-05,2789,4326,7885
2013-09-06,2668,4228,7132
2013-09-07,2286,3071,6796
2013-09-08,2271,3690,8230
2013-09-09,3142,4425,7693
2013-09-10,3210,4998,7795
2013-09-11,3049,4436,8213
2013-09-12,2867,4426,8276
2013-09-13,3109,3689,7093
2013-09-14,2663,3885,6624
2013-09-15,2727,3321,7097
2013-09-16,3394,4058,10375
2013-09-17,3326,4326,11058
2013-09-18,3286,4811,8088
2013-09-19,2953,3703,10969
2013-09-20,2953,4461,11101
2013-09-21,2429,3544,7833
2013-09-22,2515,4464,8242
2013-09-23,2976,5014,8150
2013-09-24,3053,4746,8375
2013-09-25,3129,4383,7822
2013-09-26,3042,4482,7426
2013-09-27,2728,4354,6824
2013-09-28,2531,3393,6084
2013-09-29,2475,3330,6375
2013-09-30,2934,3847,7587
2013-10-01,3716,5553,7891
2013-10-02,3186,10430,8060
2013-10-03,3292,7459,7587
2013-10-04,3001,4092,7370
2013-10-05,2743,3321,6151
2013-10-06,2606,3717,6308
2013-10-07,3238,4715,8139
2013-10-08,3399,4543,8505
2013-10-09,3121,4320,7501
2013-10-10,2939,3888,7171
2013-10-11,2919,3597,7604
2013-10-12,2555,3215,5933
2013-10-13,2606,3143,6309
2013-10-14,3193,3913,7759
2013-10-15,3084,4555,7948
2013-10-16,2771,3840,9067
2013-10-17,3003,4025,9112
2013-10-18,2997,3965,8451
2013-10-19,2503,3659,6661
2013-10-20,2346,3307,6565
2013-10-21,2818,5431,7234
2013-10-22,2752,4564,6755
2013-10-23,2768,4602,8379
2013-10-24,2741,3800,7089
2013-10-25,2418,3827,6922
2013-10-26,2139,2751,5669
2013-10-27,2302,2888,5741
2013-10-28,2764,3727,6476
2013-10-29,2910,3915,7698
2013-10-30,3106,4262,7303
2013-10-31,2828,4890,6624
2013-11-01,2441,3940,5646
2013-11-02,2051,3957,6031
2013-11-03,2274,3511,5946
2013-11-04,2835,4430,6502
2013-11-05,2811,4429,6624
2013-11-06,2793,5494,6448
2013-11-07,2697,6996,7275
2013-11-08,2661,5034,6628
2013-11-09,2302,3519,5824
2013-11-10,2031,3367,5666
2013-11-11,2638,8457,6909
2013-11-12,2919,5946,7244
2013-11-13,2953,4718,57257
2013-11-14,2790,4638,11864
2013-11-15,2568,4239,8253
2013-11-16,2303,3373,7144
2013-11-17,2404,3472,7305
2013-11-18,2713,5055,7608
2013-11-19,2895,4748,7050
2013-11-20,3030,4366,8609
2013-11-21,2918,4142,6534
2013-11-22,3063,4252,6529
2013-11-23,2476,4032,5208
2013-11-24,2603,3828,5275
2013-11-25,3009,4195,6618
2013-11-26,3175,4068,7148
2013-11-27,3052,3848,6841
2013-11-28,2610,3712,6763
2013-11-29,2504,2680,5959
2013-11-30,2067,3078,5573
2013-12-01,2242,3205,5588
2013-12-02,2704,3446,6146
2013-12-03,2971,4221,6508
2013-12-04,3075,4693,6335
2013-12-05,3182,4145,6826
2013-12-06,2626,3739,6012
2013-12-07,2223,3433,5243
2013-12-08,2430,3446,4864
2013-12-09,2965,3834,5936
2013-12-10,2881,3708,8207
2013-12-11,3152,3703,8448
2013-12-12,3301,3999,6547
2013-12-13,3166,3216,5619
2013-12-14,2725,2801,4656
2013-12-15,2609,2621,4792
2013-12-16,3039,3726,6174
2013-12-17,3379,3365,6032
2013-12-18,4081,3839,6305
2013-12-19,3005,3523,5535
2013-12-20,3092,3092,5313
2013-12-21,2439,2684,4760
2013-12-22,2418,2881,4666
2013-12-23,2465,3185,5584
2013-12-24,2370,2656,4949
2013-12-25,1934,2121,3394
2013-12-26,2141,2541,3932
2013-12-27,2634,3418,5441
2013-12-28,2506,3335,4997
2013-12-29,2856,4596,4781
2013-12-30,3508,4750,5784
2013-12-31,3461,3857,5841
2014-01-01,3424,3652,5397
2014-01-02,3782,5069,6858
2014-01-03,4023,5312,7779
2014-01-04,3773,4201,5652
2014-01-05,3839,4809,5605
2014-01-06,4839,5980,7873
2014-01-07,5929,6329,7631
2014-01-08,5740,5548,7142
2014-01-09,4280,6578,7486
2014-01-10,4841,5690,6715
2014-01-11,4044,5384,5505
2014-01-12,3979,5716,6079
2014-01-13,4581,6306,7196
2014-01-14,4843,6242,7316
2014-01-15,3954,6076,7363
2014-01-16,4701,7789,7398
2014-01-17,4251,5659,6572
2014-01-18,3774,4841,5556
2014-01-19,3976,4463,5701
2014-01-20,4949,5994,6735
2014-01-21,5068,6019,7371
2014-01-22,4490,6250,8275
2014-01-23,4527,5368,7451
2014-01-24,3876,5957,7039
2014-01-25,3753,4334,6784
2014-01-26,3753,4836,6759
2014-01-27,4586,6156,9096
2014-01-28,6650,6029,12020
2014-01-29,4976,5438,8375
2014-01-30,5084,5498,7249
2014-01-31,4580,4789,7160
2014-02-01,3971,4250,7408
2014-02-02,3927,4529,7080
2014-02-03,5081,5001,7356
2014-02-04,4391,5486,6937
2014-02-05,4474,5452,7866
2014-02-06,4644,5491,7712
2014-02-07,4306,4312,7294
2014-02-08,3584,4034,6412
2014-02-09,3678,4292,6959
2014-02-10,4098,5340,7051
2014-02-11,4298,5338,7170
2014-02-12,4015,5765,7344
2014-02-13,3826,4824,7705
2014-02-14,3660,3829,6912
2014-02-15,3604,3370,6171
2014-02-16,3242,3694,6302
2014-02-17,4310,4318,7941
2014-02-18,4486,5419,7769
2014-02-19,4319,5353,8096
2014-02-20,4298,4817,7909
2014-02-21,4157,5346,7587
2014-02-22,4223,3729,6927
2014-02-23,3701,4113,7895
2014-02-24,4052,5392,9828
2014-02-25,4649,5900,8649
2014-02-26,4345,5717,8055
2014-02-27,4213,4847,8681
2014-02-28,4326,4514,8497
2014-03-01,3667,3693,7355
2014-03-02,3653,4162,7081
2014-03-03,3985,4479,8959
2014-03-04,4605,4969,10091
2014-03-05,4425,4927,11114
2014-03-06,4045,5911,8892
2014-03-07,4039,7130,7872
2014-03-08,3889,4908,7062
2014-03-09,3809,4318,6900
2014-03-10,4225,4967,9305
2014-03-11,4766,5911,8949
2014-03-12,4455,6618,8730
2014-03-13,5468,7976,8299
2014-03-14,4290,5596,8388
2014-03-15,3594,6001,7143
2014-03-16,3713,5848,6874
2014-03-17,4096,6051,8255
2014-03-18,4246,5682,8701
2014-03-19,4416,5697,9026
2014-03-20,4249,5180,9193
2014-03-21,3986,5451,7926
2014-03-22,3635,4032,7998
2014-03-23,3686,3986,8253
2014-03-24,4740,4919,9005
2014-03-25,4686,5877,9149
2014-03-26,5057,6841,9149
2014-03-27,4314,4892,8247
2014-03-28,4249,4851,8490
2014-03-29,3806,3758,6465
2014-03-30,4162,3866,7454
2014-03-31,4364,5128,9883
2014-04-01,5370,5819,9776
2014-04-02,4900,5422,9478
2014-04-03,4458,5171,9651
2014-04-04,4584,5338,8819
2014-04-05,3675,4358,6921
2014-04-06,3528,4746,8494
2014-04-07,4034,5399,8808
2014-04-08,4433,5791,9890
2014-04-09,5020,5092,9574
2014-04-10,4789,4558,9980
2014-04-11,4353,4490,8759
2014-04-12,3556,5137,8167
2014-04-13,3376,4774,8019
2014-04-14,3787,4866,10226
2014-04-15,4079,5724,8499
2014-04-16,3968,5642,8469
2014-04-17,3739,5204,9075
2014-04-18,3495,5142,8315
2014-04-19,3201,5075,7092
2014-04-20,3251,3667,7206
2014-04-21,3636,5341,6825
2014-04-22,4066,5657,9007
2014-04-23,4277,5389,9328
2014-04-24,4090,7767,7980
2014-04-25,3608,7170,9270
2014-04-26,3229,4243,6977
2014-04-27,3409,4379,6723
2014-04-28,4184,5644,7868
2014-04-29,4514,5716,8190
2014-04-30,4219,5546,8222
2014-05-01,3825,4746,7994
2014-05-02,3408,4546,7672
2014-05-03,3237,3863,7146
2014-05-04,3733,3778,6852
2014-05-05,4366,4087,7938
2014-05-06,4596,5482,7783
2014-05-07,4298,4969,8764
2014-05-08,4295,4522,8755
2014-05-09,4352,4787,8066
2014-05-10,3362,3664,7331
2014-05-11,3235,3632,7060
2014-05-12,3733,4246,8000
2014-05-13,4136,5687,7821
2014-05-14,4136,6085,7523
2014-05-15,3801,5265,9448
2014-05-16,4004,4967,6855
2014-05-17,3546,3751,5931
2014-05-18,3501,3625,6205
2014-05-19,4085,4362,7469
2014-05-20,4360,5273,8062
2014-05-21,4258,5944,7985
2014-05-22,4432,5728,8020
2014-05-23,3855,5732,8086
2014-05-24,3298,4053,7150
2014-05-25,3151,4154,6845
2014-05-26,3197,4110,7829
2014-05-27,4023,4623,8401
2014-05-28,4573,4733,10339
2014-05-29,3873,5249,11262
2014-05-30,3498,5455,8428
2014-05-31,3099,4376,7746
2014-06-01,3050,3475,8284
2014-06-02,3806,4494,10585
2014-06-03,3934,4972,10160
2014-06-04,4095,4945,9808
2014-06-05,3871,4629,8682
2014-06-06,3740,4621,7709
2014-06-07,3545,3885,6523
2014-06-08,3518,3549,6919
2014-06-09,4187,5350,9072
2014-06-10,4103,5610,14917
2014-06-11,4211,4929,10429
2014-06-12,4365,4760,9703
2014-06-13,5188,4384,8331
2014-06-14,3753,3777,7369
2014-06-15,3919,3040,6612
2014-06-16,4441,4126,8707
2014-06-17,4920,4477,9545
2014-06-18,5528,4601,9195
2014-06-19,5088,5035,8962
2014-06-20,4783,4902,9225
2014-06-21,4825,3708,7245
2014-06-22,5265,3800,6795
2014-06-23,5750,4628,9069
2014-06-24,5628,6310,8685
2014-06-25,5394,5255,9324
2014-06-26,5950,4633,8541
2014-06-27,5479,4742,7863
2014-06-28,4839,3921,6825
2014-06-29,5326,3518,6936
2014-06-30,5269,4063,9030
2014-07-01,5362,4533,8280
2014-07-02,4876,5590,8730
2014-07-03,5186,5034,7783
2014-07-04,4899,3584,6778
2014-07-05,4530,2882,5277
2014-07-06,5417,3394,6633
2014-07-07,5562,4223,7835
2014-07-08,5309,4944,7547
2014-07-09,5998,4857,8516
2014-07-10,5934,5797,8512
2014-07-11,7083,4594,8875
2014-07-12,4684,3574,6573
2014-07-13,4608,11702,6463
2014-07-14,5722,7045,8725
2014-07-15,5250,5351,9118
2014-07-16,5765,6561,8932
2014-07-17,4700,5292,8188
2014-07-18,4854,4323,7891
2014-07-19,4661,5037,7236
2014-07-20,4464,4099,6226
2014-07-21,5278,4298,9077
2014-07-22,6624,4727,9776
2014-07-23,6108,5449,8616
2014-07-24,5765,6301,8614
2014-07-25,5306,6385,8798
2014-07-26,5028,4020,7585
2014-07-27,5208,3690,7692
2014-07-28,5514,4661,8363
2014-07-29,5663,5070,10000
2014-07-30,5725,5110,9466
2014-07-31,5595,5052,9367
2014-08-01,5146,5073,10162
2014-08-02,4048,4954,6712
2014-08-03,3714,4304,6195
2014-08-04,4619,5437,8176
2014-08-05,5060,6281,8701
2014-08-06,4764,13608,8486
2014-08-07,4580,5896,12151
2014-08-08,4366,7298,7438
2014-08-09,3812,5109,6040
2014-08-10,3652,3959,6239
2014-08-11,5930,4701,7385
2014-08-12,4271,5103,9016
2014-08-13,4351,5113,8481
2014-08-14,4309,4490,11633
2014-08-15,4031,4568,8366
2014-08-16,3636,4436,6248
2014-08-17,3590,3402,7071
2014-08-18,4637,4638,7324
2014-08-19,4552,5611,8483
2014-08-20,4608,5001,7121
2014-08-21,4779,4011,8065
2014-08-22,6056,4206,6861
2014-08-23,7706,12012,6603
2014-08-24,7417,5346,6767
2014-08-25,6981,4148,6733
2014-08-26,5117,5031,8093
2014-08-27,4566,5518,9625
2014-08-28,5080,4114,9673
2014-08-29,5291,3938,10213
2014-08-30,5502,3158,6395
2014-08-31,4630,3072,6373
2014-09-01,4943,3654,9036
2014-09-02,4666,4312,9980
2014-09-03,4432,4996,9126
2014-09-04,4336,4072,8547
2014-09-05,4069,4960,8675
2014-09-06,3731,4909,6125
2014-09-07,3707,4251,6527
2014-09-08,4320,4919,6765
2014-09-09,4460,4669,7226
2014-09-10,4637,5856,6856
2014-09-11,4345,4108,7551
2014-09-12,5025,4417,7103
2014-09-13,4211,3714,5637
2014-09-14,4594,3658,5985
2014-09-15,5265,4499,7883
2014-09-16,4847,4603,8481
2014-09-17,5084,4308,10699
2014-09-18,4648,4345,7902
2014-09-19,4483,3602,7962
2014-09-20,4741,3089,29210
2014-09-21,4405,3315,21450
2014-09-22,4336,3835,8394
2014-09-23,4565,4122,8336
2014-09-24,4406,4234,8067
2014-09-25,4437,3946,7069
2014-09-26,4491,3738,7539
2014-09-27,3691,3810,5958
2014-09-28,4821,4708,6594
2014-09-29,6744,4402,8148
2014-09-30,4502,4700,8315
2014-10-01,4764,12247,10001
2014-10-02,4431,6936,7865
2014-10-03,4570,4777,7111
2014-10-04,4486,5548,5772
2014-10-05,3903,3571,5913
2014-10-06,4265,4503,8244
2014-10-07,5217,4880,7548
2014-10-08,4586,4945,7749
2014-10-09,4747,4357,8974
2014-10-10,4626,3784,16278
2014-10-11,4182,4117,7591
2014-10-12,4000,3696,5823
2014-10-13,4325,3888,11382
2014-10-14,4782,4852,7552
2014-10-15,4546,4074,7753
2014-10-16,4985,4888,7912
2014-10-17,4319,5495,6989
2014-10-18,3519,4158,4804
2014-10-19,3956,4481,31083
2014-10-20,4865,6517,7549
2014-10-21,4573,4919,6941
2014-10-22,7477,5953,7556
2014-10-23,4293,5103,6219
2014-10-24,4388,4456,6334
2014-10-25,4082,3386,4628
2014-10-26,4284,3804,4990
2014-10-27,4839,3962,6416
2014-10-28,5110,4401,6813
2014-10-29,5072,5024,6590
2014-10-30,5025,4771,6043
2014-10-31,4668,3947,5263
2014-11-01,4182,3356,4227
2014-11-02,4134,4596,4465
2014-11-03,4849,4535,8183
2014-11-04,5696,5606,7662
2014-11-05,4988,5110,7451
2014-11-06,5285,5181,7866
2014-11-07,5038,4464,6556
2014-11-08,4838,3751,6280
2014-11-09,4577,3801,6267
2014-11-10,5036,4789,6733
2014-11-11,4733,5185,7168
2014-11-12,5070,4999,7514
2014-11-13,5208,5347,7224
2014-11-14,5460,4347,6384
2014-11-15,4236,4180,5086
2014-11-16,4715,3838,4708
2014-11-17,4766,4161,8212
2014-11-18,5106,4427,8320
2014-11-19,5698,7669,7300
2014-11-20,5685,5060,6946
2014-11-21,5819,4318,6103
2014-11-22,4651,5165,4841
2014-11-23,5336,3816,5089
2014-11-24,5399,4627,6254
2014-11-25,6061,3869,8392
2014-11-26,5832,3968,7234
2014-11-27,4973,7428,6505
2014-11-28,4719,8371,5409
2014-11-29,3853,4173,4501
2014-11-30,4568,3681,5210
2014-12-01,5101,5269,6560
2014-12-02,5145,4487,7028
2014-12-03,4936,4657,7243
2014-12-04,4922,6593,8018
2014-12-05,5815,6084,6667
2014-12-06,4726,4020,5607
2014-12-07,5124,3483,4833
2014-12-08,5375,4082,7063
2014-12-09,5751,4288,6562
2014-12-10,6119,3935,6484
2014-12-11,5931,3991,6968
2014-12-12,6189,5820,6324
2014-12-13,5801,3556,4974
2014-12-14,5798,3152,5355
2014-12-15,6572,4682,6712
2014-12-16,6171,4161,5824
2014-12-17,6515,4442,5812
2014-12-18,6482,3752,6175
2014-12-19,6231,3562,5713
2014-12-20,5423,3087,4556
2014-12-21,5687,2838,4422
2014-12-22,5977,3158,5655
2014-12-23,6793,3310,6235
2014-12-24,4610,2754,5236
2014-12-25,5031,2739,3440
2014-12-26,5271,3326,3867
2014-12-27,4071,3116,4152
2014-12-28,5111,3294,4785
2014-12-29,5685,4070,5475
2014-12-30,5785,4120,5405
2014-12-31,6030,4189,5548
2015-01-01,7511,3894,4395
2015-01-02,8105,5355,6328
2015-01-03,8045,5039,6290
2015-01-04,8017,4779,6540
2015-01-05,9756,6129,6871
2015-01-06,9955,7611,6979
2015-01-07,10167,6417,6843
2015-01-08,8728,5756,8011
2015-01-09,8556,7908,7531
2015-01-10,7901,5678,7079
2015-01-11,8077,5622,7768
2015-01-12,8760,6519,15720
2015-01-13,9154,8016,11776
2015-01-14,9524,6219,10116
2015-01-15,8935,6767,9593
2015-01-16,11075,5552,11457
2015-01-17,8394,4505,11673
2015-01-18,8376,4597,7502
2015-01-19,8992,5332,8995
2015-01-20,7584,6052,11584
2015-01-21,6392,6089,9284
2015-01-22,6486,5624,9069
2015-01-23,7236,5041,7386
2015-01-24,6226,4674,7455
2015-01-25,6644,4363,6890
2015-01-26,6584,9673,9761
2015-01-27,7063,11456,13926
2015-01-28,7069,8698,11071
2015-01-29,8922,5985,10945
2015-01-30,10216,6145,9507
2015-01-31,8397,4633,10711
2015-02-01,8624,5141,10062
2015-02-02,9560,5458,7631
2015-02-03,9070,6545,9479
2015-02-04,9910,6208,10288
2015-02-05,8567,5931,9380
2015-02-06,9421,5019,8765
2015-02-07,8094,4220,7111
2015-02-08,8862,4442,7776
2015-02-09,9183,5578,8347
2015-02-10,9521,5456,8903
2015-02-11,8733,5027,8211
2015-02-12,9470,5227,7479
2015-02-13,9162,4328,7179
2015-02-14,8286,3926,5896
2015-02-15,8807,4655,6976
2015-02-16,8990,4649,7863
2015-02-17,8444,4888,9080
2015-02-18,6681,6472,8245
2015-02-19,6984,4984,8065
2015-02-20,6538,5100,9415
2015-02-21,6165,3959,6681
2015-02-22,5556,4246,7816
2015-02-23,8950,5773,8252
2015-02-24,9248,6245,8029
2015-02-25,9004,5825,7790
2015-02-26,8592,5974,8855
2015-02-27,10260,6066,7005
2015-02-28,9943,4389,6198
2015-03-01,10798,4605,6415
2015-03-02,10346,5636,7901
2015-03-03,10776,5131,9212
2015-03-04,10359,5035,8957
2015-03-05,10451,4996,10161
2015-03-06,9996,5295,8446
2015-03-07,12344,4581,7114
2015-03-08,10350,4488,7860
2015-03-09,10625,5886,10676
2015-03-10,11736,8823,12074
2015-03-11,13952,8314,10792
2015-03-12,15057,10229,9424
2015-03-13,12882,5900,8396
2015-03-14,12074,6368,8512
2015-03-15,9881,7751,7426
2015-03-16,13121,5209,42945
2015-03-17,13227,6703,21286
2015-03-18,12924,5118,10852
2015-03-19,11661,5080,8744
2015-03-20,10564,5196,9015
2015-03-21,11250,4006,6767
2015-03-22,11243,4143,7276
2015-03-23,10922,5641,10184
2015-03-24,11085,5612,9124
2015-03-25,11969,5444,8584
2015-03-26,10877,5070,7826
2015-03-27,10244,5053,7557
2015-03-28,10366,5874,7045
2015-03-29,10462,4888,6427
2015-03-30,10964,6126,8238
2015-03-31,9785,7372,9740
2015-04-01,9565,9149,12477
2015-04-02,12007,6183,9665
2015-04-03,8684,4972,8345
2015-04-04,8425,5297,7275
2015-04-05,8108,4978,7064
2015-04-06,9781,4579,8500
2015-04-07,9297,6435,7951
2015-04-08,9461,6474,8410
2015-04-09,8214,5925,8404
2015-04-10,8489,5978,7824
2015-04-11,7995,3960,5981
2015-04-12,8172,4126,6920
2015-04-13,8643,5363,8401
2015-04-14,8732,5691,9684
2015-04-15,8688,6256,8660
2015-04-16,9693,5892,8249
2015-04-17,10743,4732,7169
2015-04-18,10993,3904,6584
2015-04-19,10020,3953,6095
2015-04-20,10546,5357,7309
2015-04-21,9959,6152,8479
2015-04-22,11420,6265,8894
2015-04-23,11952,5787,11666
2015-04-24,13868,4720,7850
2015-04-25,11858,3714,6223
2015-04-26,11168,4514,6127
2015-04-27,12037,5136,7088
2015-04-28,12091,5236,7802
2015-04-29,10164,5683,8049
2015-04-30,10361,5412,10265
