"timeStamp","variable","value"
2012-01-01,"paleo",957
2012-01-02,"paleo",1392
2012-01-03,"paleo",1677
2012-01-04,"paleo",1736
2012-01-05,"paleo",1504
2012-01-06,"paleo",1299
2012-01-07,"paleo",1156
2012-01-08,"paleo",1100
2012-01-09,"paleo",1384
2012-01-10,"paleo",1586
2012-01-11,"paleo",1702
2012-01-12,"paleo",1607
2012-01-13,"paleo",1334
2012-01-14,"paleo",1110
2012-01-15,"paleo",1007
2012-01-16,"paleo",1374
2012-01-17,"paleo",1510
2012-01-18,"paleo",1350
2012-01-19,"paleo",1349
2012-01-20,"paleo",1408
2012-01-21,"paleo",1007
2012-01-22,"paleo",1015
2012-01-23,"paleo",1216
2012-01-24,"paleo",1669
2012-01-25,"paleo",1434
2012-01-26,"paleo",1434
2012-01-27,"paleo",1335
2012-01-28,"paleo",1142
2012-01-29,"paleo",1091
2012-01-30,"paleo",1509
2012-01-31,"paleo",1613
2012-02-01,"paleo",1452
2012-02-02,"paleo",1557
2012-02-03,"paleo",1524
2012-02-04,"paleo",1139
2012-02-05,"paleo",1212
2012-02-06,"paleo",1322
2012-02-07,"paleo",1386
2012-02-08,"paleo",1299
2012-02-09,"paleo",1430
2012-02-10,"paleo",1513
2012-02-11,"paleo",1269
2012-02-12,"paleo",1166
2012-02-13,"paleo",1406
2012-02-14,"paleo",1498
2012-02-15,"paleo",1847
2012-02-16,"paleo",1500
2012-02-17,"paleo",1373
2012-02-18,"paleo",1192
2012-02-19,"paleo",1250
2012-02-20,"paleo",1689
2012-02-21,"paleo",1852
2012-02-22,"paleo",2122
2012-02-23,"paleo",1532
2012-02-24,"paleo",1540
2012-02-25,"paleo",1097
2012-02-26,"paleo",1505
2012-02-27,"paleo",1689
2012-02-28,"paleo",1686
2012-02-29,"paleo",1710
2012-03-01,"paleo",1728
2012-03-02,"paleo",1525
2012-03-03,"paleo",1437
2012-03-04,"paleo",1209
2012-03-05,"paleo",1607
2012-03-06,"paleo",1489
2012-03-07,"paleo",1498
2012-03-08,"paleo",1412
2012-03-09,"paleo",1445
2012-03-10,"paleo",1349
2012-03-11,"paleo",1051
2012-03-12,"paleo",1403
2012-03-13,"paleo",1622
2012-03-14,"paleo",1488
2012-03-15,"paleo",1641
2012-03-16,"paleo",1665
2012-03-17,"paleo",1351
2012-03-18,"paleo",1417
2012-03-19,"paleo",1442
2012-03-20,"paleo",1469
2012-03-21,"paleo",1525
2012-03-22,"paleo",1328
2012-03-23,"paleo",1497
2012-03-24,"paleo",1244
2012-03-25,"paleo",1282
2012-03-26,"paleo",1380
2012-03-27,"paleo",1535
2012-03-28,"paleo",1568
2012-03-29,"paleo",1408
2012-03-30,"paleo",1433
2012-03-31,"paleo",1333
2012-04-01,"paleo",1273
2012-04-02,"paleo",1542
2012-04-03,"paleo",1397
2012-04-04,"paleo",1509
2012-04-05,"paleo",1743
2012-04-06,"paleo",1543
2012-04-07,"paleo",1154
2012-04-08,"paleo",1399
2012-04-09,"paleo",1625
2012-04-10,"paleo",1647
2012-04-11,"paleo",1690
2012-04-12,"paleo",1469
2012-04-13,"paleo",1417
2012-04-14,"paleo",1161
2012-04-15,"paleo",1099
2012-04-16,"paleo",1598
2012-04-17,"paleo",1703
2012-04-18,"paleo",1688
2012-04-19,"paleo",1521
2012-04-20,"paleo",1372
2012-04-21,"paleo",1234
2012-04-22,"paleo",1190
2012-04-23,"paleo",1599
2012-04-24,"paleo",2078
2012-04-25,"paleo",1855
2012-04-26,"paleo",1810
2012-04-27,"paleo",1693
2012-04-28,"paleo",1226
2012-04-29,"paleo",1334
2012-04-30,"paleo",1481
2012-05-01,"paleo",1833
2012-05-02,"paleo",1677
2012-05-03,"paleo",1692
2012-05-04,"paleo",1542
2012-05-05,"paleo",1193
2012-05-06,"paleo",1134
2012-05-07,"paleo",1380
2012-05-08,"paleo",1590
2012-05-09,"paleo",1645
2012-05-10,"paleo",1513
2012-05-11,"paleo",1489
2012-05-12,"paleo",1291
2012-05-13,"paleo",1044
2012-05-14,"paleo",1582
2012-05-15,"paleo",1680
2012-05-16,"paleo",1655
2012-05-17,"paleo",1599
2012-05-18,"paleo",1622
2012-05-19,"paleo",1340
2012-05-20,"paleo",1143
2012-05-21,"paleo",1496
2012-05-22,"paleo",1639
2012-05-23,"paleo",1613
2012-05-24,"paleo",1443
2012-05-25,"paleo",1396
2012-05-26,"paleo",1292
2012-05-27,"paleo",1084
2012-05-28,"paleo",1231
2012-05-29,"paleo",1709
2012-05-30,"paleo",1694
2012-05-31,"paleo",1671
2012-06-01,"paleo",1699
2012-06-02,"paleo",1871
2012-06-03,"paleo",1925
2012-06-04,"paleo",1765
2012-06-05,"paleo",1950
2012-06-06,"paleo",2098
2012-06-07,"paleo",1945
2012-06-08,"paleo",1799
2012-06-09,"paleo",1357
2012-06-10,"paleo",1350
2012-06-11,"paleo",1732
2012-06-12,"paleo",1930
2012-06-13,"paleo",2182
2012-06-14,"paleo",1988
2012-06-15,"paleo",1723
2012-06-16,"paleo",1496
2012-06-17,"paleo",1480
2012-06-18,"paleo",1667
2012-06-19,"paleo",1735
2012-06-20,"paleo",1769
2012-06-21,"paleo",1753
2012-06-22,"paleo",1747
2012-06-23,"paleo",1436
2012-06-24,"paleo",1496
2012-06-25,"paleo",1939
2012-06-26,"paleo",1707
2012-06-27,"paleo",1732
2012-06-28,"paleo",1888
2012-06-29,"paleo",1718
2012-06-30,"paleo",1257
2012-07-01,"paleo",1445
2012-07-02,"paleo",2408
2012-07-03,"paleo",1669
2012-07-04,"paleo",1486
2012-07-05,"paleo",1530
2012-07-06,"paleo",1611
2012-07-07,"paleo",1352
2012-07-08,"paleo",1482
2012-07-09,"paleo",1746
2012-07-10,"paleo",1907
2012-07-11,"paleo",1945
2012-07-12,"paleo",1746
2012-07-13,"paleo",1613
2012-07-14,"paleo",1551
2012-07-15,"paleo",1562
2012-07-16,"paleo",1982
2012-07-17,"paleo",2490
2012-07-18,"paleo",2421
2012-07-19,"paleo",2136
2012-07-20,"paleo",1686
2012-07-21,"paleo",1570
2012-07-22,"paleo",1385
2012-07-23,"paleo",2061
2012-07-24,"paleo",2146
2012-07-25,"paleo",1997
2012-07-26,"paleo",1927
2012-07-27,"paleo",2190
2012-07-28,"paleo",1337
2012-07-29,"paleo",1433
2012-07-30,"paleo",1706
2012-07-31,"paleo",1871
2012-08-01,"paleo",1987
2012-08-02,"paleo",1830
2012-08-03,"paleo",1657
2012-08-04,"paleo",1368
2012-08-05,"paleo",1402
2012-08-06,"paleo",1919
2012-08-07,"paleo",2264
2012-08-08,"paleo",2397
2012-08-09,"paleo",2145
2012-08-10,"paleo",2101
2012-08-11,"paleo",1808
2012-08-12,"paleo",1751
2012-08-13,"paleo",2008
2012-08-14,"paleo",1884
2012-08-15,"paleo",2145
2012-08-16,"paleo",2136
2012-08-17,"paleo",1852
2012-08-18,"paleo",1434
2012-08-19,"paleo",1618
2012-08-20,"paleo",1947
2012-08-21,"paleo",2212
2012-08-22,"paleo",1886
2012-08-23,"paleo",2374
2012-08-24,"paleo",1894
2012-08-25,"paleo",1675
2012-08-26,"paleo",1472
2012-08-27,"paleo",2008
2012-08-28,"paleo",2041
2012-08-29,"paleo",2217
2012-08-30,"paleo",1841
2012-08-31,"paleo",1792
2012-09-01,"paleo",4263
2012-09-02,"paleo",1657
2012-09-03,"paleo",1823
2012-09-04,"paleo",2200
2012-09-05,"paleo",2086
2012-09-06,"paleo",2296
2012-09-07,"paleo",1897
2012-09-08,"paleo",1563
2012-09-09,"paleo",1644
2012-09-10,"paleo",2015
2012-09-11,"paleo",1952
2012-09-12,"paleo",1869
2012-09-13,"paleo",2059
2012-09-14,"paleo",1754
2012-09-15,"paleo",1620
2012-09-16,"paleo",1619
2012-09-17,"paleo",2147
2012-09-18,"paleo",2203
2012-09-19,"paleo",2013
2012-09-20,"paleo",2649
2012-09-21,"paleo",2017
2012-09-22,"paleo",1494
2012-09-23,"paleo",1585
2012-09-24,"paleo",1804
2012-09-25,"paleo",2076
2012-09-26,"paleo",2154
2012-09-27,"paleo",2143
2012-09-28,"paleo",1714
2012-09-29,"paleo",1465
2012-09-30,"paleo",1548
2012-10-01,"paleo",2095
2012-10-02,"paleo",2069
2012-10-03,"paleo",2209
2012-10-04,"paleo",2020
2012-10-05,"paleo",1826
2012-10-06,"paleo",1392
2012-10-07,"paleo",1596
2012-10-08,"paleo",1971
2012-10-09,"paleo",2140
2012-10-10,"paleo",1915
2012-10-11,"paleo",1886
2012-10-12,"paleo",1596
2012-10-13,"paleo",1244
2012-10-14,"paleo",1316
2012-10-15,"paleo",1834
2012-10-16,"paleo",1885
2012-10-17,"paleo",2027
2012-10-18,"paleo",1980
2012-10-19,"paleo",1810
2012-10-20,"paleo",1500
2012-10-21,"paleo",1508
2012-10-22,"paleo",1880
2012-10-23,"paleo",1971
2012-10-24,"paleo",2098
2012-10-25,"paleo",2118
2012-10-26,"paleo",1940
2012-10-27,"paleo",1367
2012-10-28,"paleo",1553
2012-10-29,"paleo",1821
2012-10-30,"paleo",1981
2012-10-31,"paleo",1746
2012-11-01,"paleo",1777
2012-11-02,"paleo",1722
2012-11-03,"paleo",1498
2012-11-04,"paleo",2023
2012-11-05,"paleo",2255
2012-11-06,"paleo",2098
2012-11-07,"paleo",1878
2012-11-08,"paleo",2188
2012-11-09,"paleo",1928
2012-11-10,"paleo",1451
2012-11-11,"paleo",1589
2012-11-12,"paleo",1927
2012-11-13,"paleo",2029
2012-11-14,"paleo",2009
2012-11-15,"paleo",1975
2012-11-16,"paleo",1885
2012-11-17,"paleo",1689
2012-11-18,"paleo",1667
2012-11-19,"paleo",1996
2012-11-20,"paleo",2155
2012-11-21,"paleo",1949
2012-11-22,"paleo",1966
2012-11-23,"paleo",1649
2012-11-24,"paleo",1383
2012-11-25,"paleo",1419
2012-11-26,"paleo",1672
2012-11-27,"paleo",1800
2012-11-28,"paleo",1957
2012-11-29,"paleo",2085
2012-11-30,"paleo",1912
2012-12-01,"paleo",1565
2012-12-02,"paleo",1753
2012-12-03,"paleo",2201
2012-12-04,"paleo",1921
2012-12-05,"paleo",2005
2012-12-06,"paleo",1964
2012-12-07,"paleo",1795
2012-12-08,"paleo",1486
2012-12-09,"paleo",1568
2012-12-10,"paleo",2739
2012-12-11,"paleo",2081
2012-12-12,"paleo",2107
2012-12-13,"paleo",1991
2012-12-14,"paleo",1713
2012-12-15,"paleo",1414
2012-12-16,"paleo",1629
2012-12-17,"paleo",1696
2012-12-18,"paleo",2036
2012-12-19,"paleo",1895
2012-12-20,"paleo",1764
2012-12-21,"paleo",1713
2012-12-22,"paleo",1520
2012-12-23,"paleo",1488
2012-12-24,"paleo",1445
2012-12-25,"paleo",1332
2012-12-26,"paleo",1371
2012-12-27,"paleo",1652
2012-12-28,"paleo",2948
2012-12-29,"paleo",1803
2012-12-30,"paleo",1993
2012-12-31,"paleo",2084
2013-01-01,"paleo",2037
2013-01-02,"paleo",3035
2013-01-03,"paleo",3433
2013-01-04,"paleo",3070
2013-01-05,"paleo",2748
2013-01-06,"paleo",2735
2013-01-07,"paleo",3389
2013-01-08,"paleo",3490
2013-01-09,"paleo",3438
2013-01-10,"paleo",3190
2013-01-11,"paleo",2958
2013-01-12,"paleo",2555
2013-01-13,"paleo",2528
2013-01-14,"paleo",2959
2013-01-15,"paleo",2995
2013-01-16,"paleo",2808
2013-01-17,"paleo",3050
2013-01-18,"paleo",3018
2013-01-19,"paleo",2725
2013-01-20,"paleo",2775
2013-01-21,"paleo",2957
2013-01-22,"paleo",3247
2013-01-23,"paleo",3313
2013-01-24,"paleo",3041
2013-01-25,"paleo",2996
2013-01-26,"paleo",2647
2013-01-27,"paleo",2718
2013-01-28,"paleo",3166
2013-01-29,"paleo",3303
2013-01-30,"paleo",3532
2013-01-31,"paleo",3226
2013-02-01,"paleo",3092
2013-02-02,"paleo",3250
2013-02-03,"paleo",2710
2013-02-04,"paleo",2930
2013-02-05,"paleo",3121
2013-02-06,"paleo",3120
2013-02-07,"paleo",3185
2013-02-08,"paleo",2939
2013-02-09,"paleo",2348
2013-02-10,"paleo",2470
2013-02-11,"paleo",2909
2013-02-12,"paleo",3350
2013-02-13,"paleo",3058
2013-02-14,"paleo",2706
2013-02-15,"paleo",2475
2013-02-16,"paleo",2582
2013-02-17,"paleo",2465
2013-02-18,"paleo",3295
2013-02-19,"paleo",3284
2013-02-20,"paleo",3435
2013-02-21,"paleo",3319
2013-02-22,"paleo",2947
2013-02-23,"paleo",2516
2013-02-24,"paleo",2518
2013-02-25,"paleo",3012
2013-02-26,"paleo",3163
2013-02-27,"paleo",3026
2013-02-28,"paleo",3047
2013-03-01,"paleo",2729
2013-03-02,"paleo",2434
2013-03-03,"paleo",2398
2013-03-04,"paleo",2956
2013-03-05,"paleo",3047
2013-03-06,"paleo",2810
2013-03-07,"paleo",3083
2013-03-08,"paleo",2989
2013-03-09,"paleo",2490
2013-03-10,"paleo",2636
2013-03-11,"paleo",3374
2013-03-12,"paleo",3301
2013-03-13,"paleo",3487
2013-03-14,"paleo",3362
2013-03-15,"paleo",3044
2013-03-16,"paleo",2630
2013-03-17,"paleo",2857
2013-03-18,"paleo",3877
2013-03-19,"paleo",3879
2013-03-20,"paleo",3306
2013-03-21,"paleo",3363
2013-03-22,"paleo",3084
2013-03-23,"paleo",2779
2013-03-24,"paleo",3091
2013-03-25,"paleo",3327
2013-03-26,"paleo",3914
2013-03-27,"paleo",3322
2013-03-28,"paleo",3241
2013-03-29,"paleo",3374
2013-03-30,"paleo",3322
2013-03-31,"paleo",2801
2013-04-01,"paleo",3103
2013-04-02,"paleo",3332
2013-04-03,"paleo",3716
2013-04-04,"paleo",3531
2013-04-05,"paleo",3260
2013-04-06,"paleo",2691
2013-04-07,"paleo",2911
2013-04-08,"paleo",3172
2013-04-09,"paleo",3561
2013-04-10,"paleo",3362
2013-04-11,"paleo",2774
2013-04-12,"paleo",2913
2013-04-13,"paleo",2464
2013-04-14,"paleo",2484
2013-04-15,"paleo",2975
2013-04-16,"paleo",3061
2013-04-17,"paleo",2837
2013-04-18,"paleo",2662
2013-04-19,"paleo",2538
2013-04-20,"paleo",2257
2013-04-21,"paleo",2255
2013-04-22,"paleo",4206
2013-04-23,"paleo",3900
2013-04-24,"paleo",3472
2013-04-25,"paleo",3102
2013-04-26,"paleo",3138
2013-04-27,"paleo",2481
2013-04-28,"paleo",2476
2013-04-29,"paleo",3439
2013-04-30,"paleo",3080
2013-05-01,"paleo",2954
2013-05-02,"paleo",2979
2013-05-03,"paleo",3135
2013-05-04,"paleo",2471
2013-05-05,"paleo",2273
2013-05-06,"paleo",2571
2013-05-07,"paleo",3048
2013-05-08,"paleo",2973
2013-05-09,"paleo",2908
2013-05-10,"paleo",2580
2013-05-11,"paleo",1917
2013-05-12,"paleo",1744
2013-05-13,"paleo",2322
2013-05-14,"paleo",2512
2013-05-15,"paleo",2508
2013-05-16,"paleo",2407
2013-05-17,"paleo",2307
2013-05-18,"paleo",1991
2013-05-19,"paleo",1875
2013-05-20,"paleo",2376
2013-05-21,"paleo",2726
2013-05-22,"paleo",2666
2013-05-23,"paleo",2400
2013-05-24,"paleo",2379
2013-05-25,"paleo",1998
2013-05-26,"paleo",2017
2013-05-27,"paleo",2238
2013-05-28,"paleo",2435
2013-05-29,"paleo",2688
2013-05-30,"paleo",2620
2013-05-31,"paleo",2795
2013-06-01,"paleo",2336
2013-06-02,"paleo",2152
2013-06-03,"paleo",3944
2013-06-04,"paleo",3410
2013-06-05,"paleo",2931
2013-06-06,"paleo",2660
2013-06-07,"paleo",3623
2013-06-08,"paleo",2406
2013-06-09,"paleo",2187
2013-06-10,"paleo",2764
2013-06-11,"paleo",2799
2013-06-12,"paleo",2550
2013-06-13,"paleo",2661
2013-06-14,"paleo",2361
2013-06-15,"paleo",1928
2013-06-16,"paleo",1744
2013-06-17,"paleo",2492
2013-06-18,"paleo",3004
2013-06-19,"paleo",2646
2013-06-20,"paleo",2796
2013-06-21,"paleo",2469
2013-06-22,"paleo",2353
2013-06-23,"paleo",2230
2013-06-24,"paleo",2874
2013-06-25,"paleo",2859
2013-06-26,"paleo",2823
2013-06-27,"paleo",2780
2013-06-28,"paleo",2431
2013-06-29,"paleo",2102
2013-06-30,"paleo",2148
2013-07-01,"paleo",2545
2013-07-02,"paleo",2797
2013-07-03,"paleo",2751
2013-07-04,"paleo",2035
2013-07-05,"paleo",2046
2013-07-06,"paleo",1840
2013-07-07,"paleo",2962
2013-07-08,"paleo",2754
2013-07-09,"paleo",2673
2013-07-10,"paleo",2991
2013-07-11,"paleo",2926
2013-07-12,"paleo",2437
2013-07-13,"paleo",2131
2013-07-14,"paleo",2023
2013-07-15,"paleo",2593
2013-07-16,"paleo",2601
2013-07-17,"paleo",3279
2013-07-18,"paleo",3055
2013-07-19,"paleo",2746
2013-07-20,"paleo",2337
2013-07-21,"paleo",2161
2013-07-22,"paleo",2886
2013-07-23,"paleo",2982
2013-07-24,"paleo",3163
2013-07-25,"paleo",3069
2013-07-26,"paleo",2689
2013-07-27,"paleo",3220
2013-07-28,"paleo",3643
2013-07-29,"paleo",3312
2013-07-30,"paleo",3321
2013-07-31,"paleo",3173
2013-08-01,"paleo",3223
2013-08-02,"paleo",3256
2013-08-03,"paleo",2452
2013-08-04,"paleo",2433
2013-08-05,"paleo",3091
2013-08-06,"paleo",3552
2013-08-07,"paleo",3276
2013-08-08,"paleo",3152
2013-08-09,"paleo",2814
2013-08-10,"paleo",2310
2013-08-11,"paleo",2316
2013-08-12,"paleo",2812
2013-08-13,"paleo",3311
2013-08-14,"paleo",3112
2013-08-15,"paleo",2960
2013-08-16,"paleo",2737
2013-08-17,"paleo",2651
2013-08-18,"paleo",2776
2013-08-19,"paleo",3237
2013-08-20,"paleo",3389
2013-08-21,"paleo",3193
2013-08-22,"paleo",2884
2013-08-23,"paleo",2832
2013-08-24,"paleo",2150
2013-08-25,"paleo",2421
2013-08-26,"paleo",2790
2013-08-27,"paleo",2891
2013-08-28,"paleo",2989
2013-08-29,"paleo",2772
2013-08-30,"paleo",2543
2013-08-31,"paleo",2326
2013-09-01,"paleo",2212
2013-09-02,"paleo",2857
2013-09-03,"paleo",3067
2013-09-04,"paleo",2813
2013-09-05,"paleo",2789
2013-09-06,"paleo",2668
2013-09-07,"paleo",2286
2013-09-08,"paleo",2271
2013-09-09,"paleo",3142
2013-09-10,"paleo",3210
2013-09-11,"paleo",3049
2013-09-12,"paleo",2867
2013-09-13,"paleo",3109
2013-09-14,"paleo",2663
2013-09-15,"paleo",2727
2013-09-16,"paleo",3394
2013-09-17,"paleo",3326
2013-09-18,"paleo",3286
2013-09-19,"paleo",2953
2013-09-20,"paleo",2953
2013-09-21,"paleo",2429
2013-09-22,"paleo",2515
2013-09-23,"paleo",2976
2013-09-24,"paleo",3053
2013-09-25,"paleo",3129
2013-09-26,"paleo",3042
2013-09-27,"paleo",2728
2013-09-28,"paleo",2531
2013-09-29,"paleo",2475
2013-09-30,"paleo",2934
2013-10-01,"paleo",3716
2013-10-02,"paleo",3186
2013-10-03,"paleo",3292
2013-10-04,"paleo",3001
2013-10-05,"paleo",2743
2013-10-06,"paleo",2606
2013-10-07,"paleo",3238
2013-10-08,"paleo",3399
2013-10-09,"paleo",3121
2013-10-10,"paleo",2939
2013-10-11,"paleo",2919
2013-10-12,"paleo",2555
2013-10-13,"paleo",2606
2013-10-14,"paleo",3193
2013-10-15,"paleo",3084
2013-10-16,"paleo",2771
2013-10-17,"paleo",3003
2013-10-18,"paleo",2997
2013-10-19,"paleo",2503
2013-10-20,"paleo",2346
2013-10-21,"paleo",2818
2013-10-22,"paleo",2752
2013-10-23,"paleo",2768
2013-10-24,"paleo",2741
2013-10-25,"paleo",2418
2013-10-26,"paleo",2139
2013-10-27,"paleo",2302
2013-10-28,"paleo",2764
2013-10-29,"paleo",2910
2013-10-30,"paleo",3106
2013-10-31,"paleo",2828
2013-11-01,"paleo",2441
2013-11-02,"paleo",2051
2013-11-03,"paleo",2274
2013-11-04,"paleo",2835
2013-11-05,"paleo",2811
2013-11-06,"paleo",2793
2013-11-07,"paleo",2697
2013-11-08,"paleo",2661
2013-11-09,"paleo",2302
2013-11-10,"paleo",2031
2013-11-11,"paleo",2638
2013-11-12,"paleo",2919
2013-11-13,"paleo",2953
2013-11-14,"paleo",2790
2013-11-15,"paleo",2568
2013-11-16,"paleo",2303
2013-11-17,"paleo",2404
2013-11-18,"paleo",2713
2013-11-19,"paleo",2895
2013-11-20,"paleo",3030
2013-11-21,"paleo",2918
2013-11-22,"paleo",3063
2013-11-23,"paleo",2476
2013-11-24,"paleo",2603
2013-11-25,"paleo",3009
2013-11-26,"paleo",3175
2013-11-27,"paleo",3052
2013-11-28,"paleo",2610
2013-11-29,"paleo",2504
2013-11-30,"paleo",2067
2013-12-01,"paleo",2242
2013-12-02,"paleo",2704
2013-12-03,"paleo",2971
2013-12-04,"paleo",3075
2013-12-05,"paleo",3182
2013-12-06,"paleo",2626
2013-12-07,"paleo",2223
2013-12-08,"paleo",2430
2013-12-09,"paleo",2965
2013-12-10,"paleo",2881
2013-12-11,"paleo",3152
2013-12-12,"paleo",3301
2013-12-13,"paleo",3166
2013-12-14,"paleo",2725
2013-12-15,"paleo",2609
2013-12-16,"paleo",3039
2013-12-17,"paleo",3379
2013-12-18,"paleo",4081
2013-12-19,"paleo",3005
2013-12-20,"paleo",3092
2013-12-21,"paleo",2439
2013-12-22,"paleo",2418
2013-12-23,"paleo",2465
2013-12-24,"paleo",2370
2013-12-25,"paleo",1934
2013-12-26,"paleo",2141
2013-12-27,"paleo",2634
2013-12-28,"paleo",2506
2013-12-29,"paleo",2856
2013-12-30,"paleo",3508
2013-12-31,"paleo",3461
2014-01-01,"paleo",3424
2014-01-02,"paleo",3782
2014-01-03,"paleo",4023
2014-01-04,"paleo",3773
2014-01-05,"paleo",3839
2014-01-06,"paleo",4839
2014-01-07,"paleo",5929
2014-01-08,"paleo",5740
2014-01-09,"paleo",4280
2014-01-10,"paleo",4841
2014-01-11,"paleo",4044
2014-01-12,"paleo",3979
2014-01-13,"paleo",4581
2014-01-14,"paleo",4843
2014-01-15,"paleo",3954
2014-01-16,"paleo",4701
2014-01-17,"paleo",4251
2014-01-18,"paleo",3774
2014-01-19,"paleo",3976
2014-01-20,"paleo",4949
2014-01-21,"paleo",5068
2014-01-22,"paleo",4490
2014-01-23,"paleo",4527
2014-01-24,"paleo",3876
2014-01-25,"paleo",3753
2014-01-26,"paleo",3753
2014-01-27,"paleo",4586
2014-01-28,"paleo",6650
2014-01-29,"paleo",4976
2014-01-30,"paleo",5084
2014-01-31,"paleo",4580
2014-02-01,"paleo",3971
2014-02-02,"paleo",3927
2014-02-03,"paleo",5081
2014-02-04,"paleo",4391
2014-02-05,"paleo",4474
2014-02-06,"paleo",4644
2014-02-07,"paleo",4306
2014-02-08,"paleo",3584
2014-02-09,"paleo",3678
2014-02-10,"paleo",4098
2014-02-11,"paleo",4298
2014-02-12,"paleo",4015
2014-02-13,"paleo",3826
2014-02-14,"paleo",3660
2014-02-15,"paleo",3604
2014-02-16,"paleo",3242
2014-02-17,"paleo",4310
2014-02-18,"paleo",4486
2014-02-19,"paleo",4319
2014-02-20,"paleo",4298
2014-02-21,"paleo",4157
2014-02-22,"paleo",4223
2014-02-23,"paleo",3701
2014-02-24,"paleo",4052
2014-02-25,"paleo",4649
2014-02-26,"paleo",4345
2014-02-27,"paleo",4213
2014-02-28,"paleo",4326
2014-03-01,"paleo",3667
2014-03-02,"paleo",3653
2014-03-03,"paleo",3985
2014-03-04,"paleo",4605
2014-03-05,"paleo",4425
2014-03-06,"paleo",4045
2014-03-07,"paleo",4039
2014-03-08,"paleo",3889
2014-03-09,"paleo",3809
2014-03-10,"paleo",4225
2014-03-11,"paleo",4766
2014-03-12,"paleo",4455
2014-03-13,"paleo",5468
2014-03-14,"paleo",4290
2014-03-15,"paleo",3594
2014-03-16,"paleo",3713
2014-03-17,"paleo",4096
2014-03-18,"paleo",4246
2014-03-19,"paleo",4416
2014-03-20,"paleo",4249
2014-03-21,"paleo",3986
2014-03-22,"paleo",3635
2014-03-23,"paleo",3686
2014-03-24,"paleo",4740
2014-03-25,"paleo",4686
2014-03-26,"paleo",5057
2014-03-27,"paleo",4314
2014-03-28,"paleo",4249
2014-03-29,"paleo",3806
2014-03-30,"paleo",4162
2014-03-31,"paleo",4364
2014-04-01,"paleo",5370
2014-04-02,"paleo",4900
2014-04-03,"paleo",4458
2014-04-04,"paleo",4584
2014-04-05,"paleo",3675
2014-04-06,"paleo",3528
2014-04-07,"paleo",4034
2014-04-08,"paleo",4433
2014-04-09,"paleo",5020
2014-04-10,"paleo",4789
2014-04-11,"paleo",4353
2014-04-12,"paleo",3556
2014-04-13,"paleo",3376
2014-04-14,"paleo",3787
2014-04-15,"paleo",4079
2014-04-16,"paleo",3968
2014-04-17,"paleo",3739
2014-04-18,"paleo",3495
2014-04-19,"paleo",3201
2014-04-20,"paleo",3251
2014-04-21,"paleo",3636
2014-04-22,"paleo",4066
2014-04-23,"paleo",4277
2014-04-24,"paleo",4090
2014-04-25,"paleo",3608
2014-04-26,"paleo",3229
2014-04-27,"paleo",3409
2014-04-28,"paleo",4184
2014-04-29,"paleo",4514
2014-04-30,"paleo",4219
2014-05-01,"paleo",3825
2014-05-02,"paleo",3408
2014-05-03,"paleo",3237
2014-05-04,"paleo",3733
2014-05-05,"paleo",4366
2014-05-06,"paleo",4596
2014-05-07,"paleo",4298
2014-05-08,"paleo",4295
2014-05-09,"paleo",4352
2014-05-10,"paleo",3362
2014-05-11,"paleo",3235
2014-05-12,"paleo",3733
2014-05-13,"paleo",4136
2014-05-14,"paleo",4136
2014-05-15,"paleo",3801
2014-05-16,"paleo",4004
2014-05-17,"paleo",3546
2014-05-18,"paleo",3501
2014-05-19,"paleo",4085
2014-05-20,"paleo",4360
2014-05-21,"paleo",4258
2014-05-22,"paleo",4432
2014-05-23,"paleo",3855
2014-05-24,"paleo",3298
2014-05-25,"paleo",3151
2014-05-26,"paleo",3197
2014-05-27,"paleo",4023
2014-05-28,"paleo",4573
2014-05-29,"paleo",3873
2014-05-30,"paleo",3498
2014-05-31,"paleo",3099
2014-06-01,"paleo",3050
2014-06-02,"paleo",3806
2014-06-03,"paleo",3934
2014-06-04,"paleo",4095
2014-06-05,"paleo",3871
2014-06-06,"paleo",3740
2014-06-07,"paleo",3545
2014-06-08,"paleo",3518
2014-06-09,"paleo",4187
2014-06-10,"paleo",4103
2014-06-11,"paleo",4211
2014-06-12,"paleo",4365
2014-06-13,"paleo",5188
2014-06-14,"paleo",3753
2014-06-15,"paleo",3919
2014-06-16,"paleo",4441
2014-06-17,"paleo",4920
2014-06-18,"paleo",5528
2014-06-19,"paleo",5088
2014-06-20,"paleo",4783
2014-06-21,"paleo",4825
2014-06-22,"paleo",5265
2014-06-23,"paleo",5750
2014-06-24,"paleo",5628
2014-06-25,"paleo",5394
2014-06-26,"paleo",5950
2014-06-27,"paleo",5479
2014-06-28,"paleo",4839
2014-06-29,"paleo",5326
2014-06-30,"paleo",5269
2014-07-01,"paleo",5362
2014-07-02,"paleo",4876
2014-07-03,"paleo",5186
2014-07-04,"paleo",4899
2014-07-05,"paleo",4530
2014-07-06,"paleo",5417
2014-07-07,"paleo",5562
2014-07-08,"paleo",5309
2014-07-09,"paleo",5998
2014-07-10,"paleo",5934
2014-07-11,"paleo",7083
2014-07-12,"paleo",4684
2014-07-13,"paleo",4608
2014-07-14,"paleo",5722
2014-07-15,"paleo",5250
2014-07-16,"paleo",5765
2014-07-17,"paleo",4700
2014-07-18,"paleo",4854
2014-07-19,"paleo",4661
2014-07-20,"paleo",4464
2014-07-21,"paleo",5278
2014-07-22,"paleo",6624
2014-07-23,"paleo",6108
2014-07-24,"paleo",5765
2014-07-25,"paleo",5306
2014-07-26,"paleo",5028
2014-07-27,"paleo",5208
2014-07-28,"paleo",5514
2014-07-29,"paleo",5663
2014-07-30,"paleo",5725
2014-07-31,"paleo",5595
2014-08-01,"paleo",5146
2014-08-02,"paleo",4048
2014-08-03,"paleo",3714
2014-08-04,"paleo",4619
2014-08-05,"paleo",5060
2014-08-06,"paleo",4764
2014-08-07,"paleo",4580
2014-08-08,"paleo",4366
2014-08-09,"paleo",3812
2014-08-10,"paleo",3652
2014-08-11,"paleo",5930
2014-08-12,"paleo",4271
2014-08-13,"paleo",4351
2014-08-14,"paleo",4309
2014-08-15,"paleo",4031
2014-08-16,"paleo",3636
2014-08-17,"paleo",3590
2014-08-18,"paleo",4637
2014-08-19,"paleo",4552
2014-08-20,"paleo",4608
2014-08-21,"paleo",4779
2014-08-22,"paleo",6056
2014-08-23,"paleo",7706
2014-08-24,"paleo",7417
2014-08-25,"paleo",6981
2014-08-26,"paleo",5117
2014-08-27,"paleo",4566
2014-08-28,"paleo",5080
2014-08-29,"paleo",5291
2014-08-30,"paleo",5502
2014-08-31,"paleo",4630
2014-09-01,"paleo",4943
2014-09-02,"paleo",4666
2014-09-03,"paleo",4432
2014-09-04,"paleo",4336
2014-09-05,"paleo",4069
2014-09-06,"paleo",3731
2014-09-07,"paleo",3707
2014-09-08,"paleo",4320
2014-09-09,"paleo",4460
2014-09-10,"paleo",4637
2014-09-11,"paleo",4345
2014-09-12,"paleo",5025
2014-09-13,"paleo",4211
2014-09-14,"paleo",4594
2014-09-15,"paleo",5265
2014-09-16,"paleo",4847
2014-09-17,"paleo",5084
2014-09-18,"paleo",4648
2014-09-19,"paleo",4483
2014-09-20,"paleo",4741
2014-09-21,"paleo",4405
2014-09-22,"paleo",4336
2014-09-23,"paleo",4565
2014-09-24,"paleo",4406
2014-09-25,"paleo",4437
2014-09-26,"paleo",4491
2014-09-27,"paleo",3691
2014-09-28,"paleo",4821
2014-09-29,"paleo",6744
2014-09-30,"paleo",4502
2014-10-01,"paleo",4764
2014-10-02,"paleo",4431
2014-10-03,"paleo",4570
2014-10-04,"paleo",4486
2014-10-05,"paleo",3903
2014-10-06,"paleo",4265
2014-10-07,"paleo",5217
2014-10-08,"paleo",4586
2014-10-09,"paleo",4747
2014-10-10,"paleo",4626
2014-10-11,"paleo",4182
2014-10-12,"paleo",4000
2014-10-13,"paleo",4325
2014-10-14,"paleo",4782
2014-10-15,"paleo",4546
2014-10-16,"paleo",4985
2014-10-17,"paleo",4319
2014-10-18,"paleo",3519
2014-10-19,"paleo",3956
2014-10-20,"paleo",4865
2014-10-21,"paleo",4573
2014-10-22,"paleo",7477
2014-10-23,"paleo",4293
2014-10-24,"paleo",4388
2014-10-25,"paleo",4082
2014-10-26,"paleo",4284
2014-10-27,"paleo",4839
2014-10-28,"paleo",5110
2014-10-29,"paleo",5072
2014-10-30,"paleo",5025
2014-10-31,"paleo",4668
2014-11-01,"paleo",4182
2014-11-02,"paleo",4134
2014-11-03,"paleo",4849
2014-11-04,"paleo",5696
2014-11-05,"paleo",4988
2014-11-06,"paleo",5285
2014-11-07,"paleo",5038
2014-11-08,"paleo",4838
2014-11-09,"paleo",4577
2014-11-10,"paleo",5036
2014-11-11,"paleo",4733
2014-11-12,"paleo",5070
2014-11-13,"paleo",5208
2014-11-14,"paleo",5460
2014-11-15,"paleo",4236
2014-11-16,"paleo",4715
2014-11-17,"paleo",4766
2014-11-18,"paleo",5106
2014-11-19,"paleo",5698
2014-11-20,"paleo",5685
2014-11-21,"paleo",5819
2014-11-22,"paleo",4651
2014-11-23,"paleo",5336
2014-11-24,"paleo",5399
2014-11-25,"paleo",6061
2014-11-26,"paleo",5832
2014-11-27,"paleo",4973
2014-11-28,"paleo",4719
2014-11-29,"paleo",3853
2014-11-30,"paleo",4568
2014-12-01,"paleo",5101
2014-12-02,"paleo",5145
2014-12-03,"paleo",4936
2014-12-04,"paleo",4922
2014-12-05,"paleo",5815
2014-12-06,"paleo",4726
2014-12-07,"paleo",5124
2014-12-08,"paleo",5375
2014-12-09,"paleo",5751
2014-12-10,"paleo",6119
2014-12-11,"paleo",5931
2014-12-12,"paleo",6189
2014-12-13,"paleo",5801
2014-12-14,"paleo",5798
2014-12-15,"paleo",6572
2014-12-16,"paleo",6171
2014-12-17,"paleo",6515
2014-12-18,"paleo",6482
2014-12-19,"paleo",6231
2014-12-20,"paleo",5423
2014-12-21,"paleo",5687
2014-12-22,"paleo",5977
2014-12-23,"paleo",6793
2014-12-24,"paleo",4610
2014-12-25,"paleo",5031
2014-12-26,"paleo",5271
2014-12-27,"paleo",4071
2014-12-28,"paleo",5111
2014-12-29,"paleo",5685
2014-12-30,"paleo",5785
2014-12-31,"paleo",6030
2015-01-01,"paleo",7511
2015-01-02,"paleo",8105
2015-01-03,"paleo",8045
2015-01-04,"paleo",8017
2015-01-05,"paleo",9756
2015-01-06,"paleo",9955
2015-01-07,"paleo",10167
2015-01-08,"paleo",8728
2015-01-09,"paleo",8556
2015-01-10,"paleo",7901
2015-01-11,"paleo",8077
2015-01-12,"paleo",8760
2015-01-13,"paleo",9154
2015-01-14,"paleo",9524
2015-01-15,"paleo",8935
2015-01-16,"paleo",11075
2015-01-17,"paleo",8394
2015-01-18,"paleo",8376
2015-01-19,"paleo",8992
2015-01-20,"paleo",7584
2015-01-21,"paleo",6392
2015-01-22,"paleo",6486
2015-01-23,"paleo",7236
2015-01-24,"paleo",6226
2015-01-25,"paleo",6644
2015-01-26,"paleo",6584
2015-01-27,"paleo",7063
2015-01-28,"paleo",7069
2015-01-29,"paleo",8922
2015-01-30,"paleo",10216
2015-01-31,"paleo",8397
2015-02-01,"paleo",8624
2015-02-02,"paleo",9560
2015-02-03,"paleo",9070
2015-02-04,"paleo",9910
2015-02-05,"paleo",8567
2015-02-06,"paleo",9421
2015-02-07,"paleo",8094
2015-02-08,"paleo",8862
2015-02-09,"paleo",9183
2015-02-10,"paleo",9521
2015-02-11,"paleo",8733
2015-02-12,"paleo",9470
2015-02-13,"paleo",9162
2015-02-14,"paleo",8286
2015-02-15,"paleo",8807
2015-02-16,"paleo",8990
2015-02-17,"paleo",8444
2015-02-18,"paleo",6681
2015-02-19,"paleo",6984
2015-02-20,"paleo",6538
2015-02-21,"paleo",6165
2015-02-22,"paleo",5556
2015-02-23,"paleo",8950
2015-02-24,"paleo",9248
2015-02-25,"paleo",9004
2015-02-26,"paleo",8592
2015-02-27,"paleo",10260
2015-02-28,"paleo",9943
2015-03-01,"paleo",10798
2015-03-02,"paleo",10346
2015-03-03,"paleo",10776
2015-03-04,"paleo",10359
2015-03-05,"paleo",10451
2015-03-06,"paleo",9996
2015-03-07,"paleo",12344
2015-03-08,"paleo",10350
2015-03-09,"paleo",10625
2015-03-10,"paleo",11736
2015-03-11,"paleo",13952
2015-03-12,"paleo",15057
2015-03-13,"paleo",12882
2015-03-14,"paleo",12074
2015-03-15,"paleo",9881
2015-03-16,"paleo",13121
2015-03-17,"paleo",13227
2015-03-18,"paleo",12924
2015-03-19,"paleo",11661
2015-03-20,"paleo",10564
2015-03-21,"paleo",11250
2015-03-22,"paleo",11243
2015-03-23,"paleo",10922
2015-03-24,"paleo",11085
2015-03-25,"paleo",11969
2015-03-26,"paleo",10877
2015-03-27,"paleo",10244
2015-03-28,"paleo",10366
2015-03-29,"paleo",10462
2015-03-30,"paleo",10964
2015-03-31,"paleo",9785
2015-04-01,"paleo",9565
2015-04-02,"paleo",12007
2015-04-03,"paleo",8684
2015-04-04,"paleo",8425
2015-04-05,"paleo",8108
2015-04-06,"paleo",9781
2015-04-07,"paleo",9297
2015-04-08,"paleo",9461
2015-04-09,"paleo",8214
2015-04-10,"paleo",8489
2015-04-11,"paleo",7995
2015-04-12,"paleo",8172
2015-04-13,"paleo",8643
2015-04-14,"paleo",8732
2015-04-15,"paleo",8688
2015-04-16,"paleo",9693
2015-04-17,"paleo",10743
2015-04-18,"paleo",10993
2015-04-19,"paleo",10020
2015-04-20,"paleo",10546
2015-04-21,"paleo",9959
2015-04-22,"paleo",11420
2015-04-23,"paleo",11952
2015-04-24,"paleo",13868
2015-04-25,"paleo",11858
2015-04-26,"paleo",11168
2015-04-27,"paleo",12037
2015-04-28,"paleo",12091
2015-04-29,"paleo",10164
2015-04-30,"paleo",10361
2012-01-01,"kale",1116
2012-01-02,"kale",1484
2012-01-03,"kale",1782
2012-01-04,"kale",1991
2012-01-05,"kale",1994
2012-01-06,"kale",2127
2012-01-07,"kale",1645
2012-01-08,"kale",1831
2012-01-09,"kale",2025
2012-01-10,"kale",1946
2012-01-11,"kale",2042
2012-01-12,"kale",1941
2012-01-13,"kale",1941
2012-01-14,"kale",1693
2012-01-15,"kale",1516
2012-01-16,"kale",1748
2012-01-17,"kale",1958
2012-01-18,"kale",2111
2012-01-19,"kale",2290
2012-01-20,"kale",2099
2012-01-21,"kale",1768
2012-01-22,"kale",1792
2012-01-23,"kale",2062
2012-01-24,"kale",2178
2012-01-25,"kale",2817
2012-01-26,"kale",2184
2012-01-27,"kale",1914
2012-01-28,"kale",1478
2012-01-29,"kale",1594
2012-01-30,"kale",2137
2012-01-31,"kale",2530
2012-02-01,"kale",2262
2012-02-02,"kale",2033
2012-02-03,"kale",2165
2012-02-04,"kale",1735
2012-02-05,"kale",1604
2012-02-06,"kale",1708
2012-02-07,"kale",2201
2012-02-08,"kale",2027
2012-02-09,"kale",1895
2012-02-10,"kale",1860
2012-02-11,"kale",1450
2012-02-12,"kale",1434
2012-02-13,"kale",1796
2012-02-14,"kale",1610
2012-02-15,"kale",1865
2012-02-16,"kale",1819
2012-02-17,"kale",1762
2012-02-18,"kale",1516
2012-02-19,"kale",1552
2012-02-20,"kale",1698
2012-02-21,"kale",2283
2012-02-22,"kale",2255
2012-02-23,"kale",2216
2012-02-24,"kale",1929
2012-02-25,"kale",1691
2012-02-26,"kale",1648
2012-02-27,"kale",1824
2012-02-28,"kale",1994
2012-02-29,"kale",2093
2012-03-01,"kale",2066
2012-03-02,"kale",2191
2012-03-03,"kale",1822
2012-03-04,"kale",1794
2012-03-05,"kale",2371
2012-03-06,"kale",2259
2012-03-07,"kale",2401
2012-03-08,"kale",2328
2012-03-09,"kale",1962
2012-03-10,"kale",1771
2012-03-11,"kale",1864
2012-03-12,"kale",2290
2012-03-13,"kale",2377
2012-03-14,"kale",2318
2012-03-15,"kale",2242
2012-03-16,"kale",2334
2012-03-17,"kale",2076
2012-03-18,"kale",1873
2012-03-19,"kale",2297
2012-03-20,"kale",2071
2012-03-21,"kale",2454
2012-03-22,"kale",2173
2012-03-23,"kale",1926
2012-03-24,"kale",1662
2012-03-25,"kale",1921
2012-03-26,"kale",2331
2012-03-27,"kale",2303
2012-03-28,"kale",2379
2012-03-29,"kale",2205
2012-03-30,"kale",1946
2012-03-31,"kale",1424
2012-04-01,"kale",1393
2012-04-02,"kale",1991
2012-04-03,"kale",2251
2012-04-04,"kale",2148
2012-04-05,"kale",1966
2012-04-06,"kale",1759
2012-04-07,"kale",1566
2012-04-08,"kale",1514
2012-04-09,"kale",1867
2012-04-10,"kale",2233
2012-04-11,"kale",2226
2012-04-12,"kale",2181
2012-04-13,"kale",2161
2012-04-14,"kale",1628
2012-04-15,"kale",1632
2012-04-16,"kale",2060
2012-04-17,"kale",2165
2012-04-18,"kale",2552
2012-04-19,"kale",2371
2012-04-20,"kale",2044
2012-04-21,"kale",2716
2012-04-22,"kale",1979
2012-04-23,"kale",2243
2012-04-24,"kale",2300
2012-04-25,"kale",2350
2012-04-26,"kale",2427
2012-04-27,"kale",2573
2012-04-28,"kale",2098
2012-04-29,"kale",2214
2012-04-30,"kale",2254
2012-05-01,"kale",2394
2012-05-02,"kale",2367
2012-05-03,"kale",2381
2012-05-04,"kale",2742
2012-05-05,"kale",1860
2012-05-06,"kale",1863
2012-05-07,"kale",2082
2012-05-08,"kale",2540
2012-05-09,"kale",2410
2012-05-10,"kale",2070
2012-05-11,"kale",2231
2012-05-12,"kale",1929
2012-05-13,"kale",1908
2012-05-14,"kale",1946
2012-05-15,"kale",2300
2012-05-16,"kale",2712
2012-05-17,"kale",2482
2012-05-18,"kale",2312
2012-05-19,"kale",1851
2012-05-20,"kale",1818
2012-05-21,"kale",2042
2012-05-22,"kale",2168
2012-05-23,"kale",2361
2012-05-24,"kale",1963
2012-05-25,"kale",1845
2012-05-26,"kale",1436
2012-05-27,"kale",1594
2012-05-28,"kale",1649
2012-05-29,"kale",1852
2012-05-30,"kale",2077
2012-05-31,"kale",2057
2012-06-01,"kale",2142
2012-06-02,"kale",1646
2012-06-03,"kale",1610
2012-06-04,"kale",1841
2012-06-05,"kale",2226
2012-06-06,"kale",2415
2012-06-07,"kale",2533
2012-06-08,"kale",2105
2012-06-09,"kale",1757
2012-06-10,"kale",1718
2012-06-11,"kale",2106
2012-06-12,"kale",2451
2012-06-13,"kale",2305
2012-06-14,"kale",2419
2012-06-15,"kale",2346
2012-06-16,"kale",1656
2012-06-17,"kale",1625
2012-06-18,"kale",1976
2012-06-19,"kale",2321
2012-06-20,"kale",2268
2012-06-21,"kale",1895
2012-06-22,"kale",2307
2012-06-23,"kale",1659
2012-06-24,"kale",1720
2012-06-25,"kale",2100
2012-06-26,"kale",2277
2012-06-27,"kale",2192
2012-06-28,"kale",2194
2012-06-29,"kale",1879
2012-06-30,"kale",1577
2012-07-01,"kale",1501
2012-07-02,"kale",2228
2012-07-03,"kale",2135
2012-07-04,"kale",1769
2012-07-05,"kale",2090
2012-07-06,"kale",2433
2012-07-07,"kale",1760
2012-07-08,"kale",1856
2012-07-09,"kale",2217
2012-07-10,"kale",2342
2012-07-11,"kale",2300
2012-07-12,"kale",2359
2012-07-13,"kale",2147
2012-07-14,"kale",1845
2012-07-15,"kale",1773
2012-07-16,"kale",2229
2012-07-17,"kale",2930
2012-07-18,"kale",2571
2012-07-19,"kale",2424
2012-07-20,"kale",2143
2012-07-21,"kale",1732
2012-07-22,"kale",1621
2012-07-23,"kale",2057
2012-07-24,"kale",2603
2012-07-25,"kale",2566
2012-07-26,"kale",2076
2012-07-27,"kale",2390
2012-07-28,"kale",1725
2012-07-29,"kale",1872
2012-07-30,"kale",2063
2012-07-31,"kale",2263
2012-08-01,"kale",2153
2012-08-02,"kale",2307
2012-08-03,"kale",2447
2012-08-04,"kale",1892
2012-08-05,"kale",1857
2012-08-06,"kale",1992
2012-08-07,"kale",2325
2012-08-08,"kale",2649
2012-08-09,"kale",2796
2012-08-10,"kale",2505
2012-08-11,"kale",2010
2012-08-12,"kale",2049
2012-08-13,"kale",2276
2012-08-14,"kale",2560
2012-08-15,"kale",2266
2012-08-16,"kale",2316
2012-08-17,"kale",2345
2012-08-18,"kale",1815
2012-08-19,"kale",1995
2012-08-20,"kale",2321
2012-08-21,"kale",2394
2012-08-22,"kale",2282
2012-08-23,"kale",2082
2012-08-24,"kale",2174
2012-08-25,"kale",1922
2012-08-26,"kale",1657
2012-08-27,"kale",2027
2012-08-28,"kale",2380
2012-08-29,"kale",2327
2012-08-30,"kale",2053
2012-08-31,"kale",2543
2012-09-01,"kale",1758
2012-09-02,"kale",1622
2012-09-03,"kale",2472
2012-09-04,"kale",2428
2012-09-05,"kale",2642
2012-09-06,"kale",2104
2012-09-07,"kale",2145
2012-09-08,"kale",1889
2012-09-09,"kale",2393
2012-09-10,"kale",2137
2012-09-11,"kale",2261
2012-09-12,"kale",2611
2012-09-13,"kale",2638
2012-09-14,"kale",2256
2012-09-15,"kale",1830
2012-09-16,"kale",2209
2012-09-17,"kale",2358
2012-09-18,"kale",2612
2012-09-19,"kale",2714
2012-09-20,"kale",2683
2012-09-21,"kale",2610
2012-09-22,"kale",1854
2012-09-23,"kale",2015
2012-09-24,"kale",2540
2012-09-25,"kale",2828
2012-09-26,"kale",2709
2012-09-27,"kale",2557
2012-09-28,"kale",2295
2012-09-29,"kale",2034
2012-09-30,"kale",2130
2012-10-01,"kale",2810
2012-10-02,"kale",3009
2012-10-03,"kale",2855
2012-10-04,"kale",2661
2012-10-05,"kale",2791
2012-10-06,"kale",2264
2012-10-07,"kale",2105
2012-10-08,"kale",2369
2012-10-09,"kale",2578
2012-10-10,"kale",3019
2012-10-11,"kale",2595
2012-10-12,"kale",2388
2012-10-13,"kale",1866
2012-10-14,"kale",2398
2012-10-15,"kale",2289
2012-10-16,"kale",2779
2012-10-17,"kale",2978
2012-10-18,"kale",2499
2012-10-19,"kale",2342
2012-10-20,"kale",2123
2012-10-21,"kale",2094
2012-10-22,"kale",2430
2012-10-23,"kale",2572
2012-10-24,"kale",2840
2012-10-25,"kale",2780
2012-10-26,"kale",2612
2012-10-27,"kale",2177
2012-10-28,"kale",2356
2012-10-29,"kale",3096
2012-10-30,"kale",2543
2012-10-31,"kale",2513
2012-11-01,"kale",2199
2012-11-02,"kale",2193
2012-11-03,"kale",2243
2012-11-04,"kale",2427
2012-11-05,"kale",2629
2012-11-06,"kale",2757
2012-11-07,"kale",3191
2012-11-08,"kale",2529
2012-11-09,"kale",2643
2012-11-10,"kale",2303
2012-11-11,"kale",2159
2012-11-12,"kale",2603
2012-11-13,"kale",2784
2012-11-14,"kale",2848
2012-11-15,"kale",2699
2012-11-16,"kale",2501
2012-11-17,"kale",1961
2012-11-18,"kale",1822
2012-11-19,"kale",2315
2012-11-20,"kale",2444
2012-11-21,"kale",2400
2012-11-22,"kale",2266
2012-11-23,"kale",1806
2012-11-24,"kale",1732
2012-11-25,"kale",1822
2012-11-26,"kale",2463
2012-11-27,"kale",2822
2012-11-28,"kale",2849
2012-11-29,"kale",2617
2012-11-30,"kale",2450
2012-12-01,"kale",1959
2012-12-02,"kale",1952
2012-12-03,"kale",2604
2012-12-04,"kale",2721
2012-12-05,"kale",2497
2012-12-06,"kale",2367
2012-12-07,"kale",2347
2012-12-08,"kale",2476
2012-12-09,"kale",2294
2012-12-10,"kale",2624
2012-12-11,"kale",2553
2012-12-12,"kale",2532
2012-12-13,"kale",2664
2012-12-14,"kale",1881
2012-12-15,"kale",1572
2012-12-16,"kale",1682
2012-12-17,"kale",2358
2012-12-18,"kale",2636
2012-12-19,"kale",2179
2012-12-20,"kale",2045
2012-12-21,"kale",2025
2012-12-22,"kale",1632
2012-12-23,"kale",1766
2012-12-24,"kale",1802
2012-12-25,"kale",1510
2012-12-26,"kale",1617
2012-12-27,"kale",2246
2012-12-28,"kale",2309
2012-12-29,"kale",2465
2012-12-30,"kale",2641
2012-12-31,"kale",2299
2013-01-01,"kale",2265
2013-01-02,"kale",3249
2013-01-03,"kale",3875
2013-01-04,"kale",3647
2013-01-05,"kale",3108
2013-01-06,"kale",3190
2013-01-07,"kale",3843
2013-01-08,"kale",4216
2013-01-09,"kale",3888
2013-01-10,"kale",3597
2013-01-11,"kale",3336
2013-01-12,"kale",3130
2013-01-13,"kale",2572
2013-01-14,"kale",3666
2013-01-15,"kale",4152
2013-01-16,"kale",3945
2013-01-17,"kale",3481
2013-01-18,"kale",3023
2013-01-19,"kale",2895
2013-01-20,"kale",3122
2013-01-21,"kale",3176
2013-01-22,"kale",3682
2013-01-23,"kale",3830
2013-01-24,"kale",8703
2013-01-25,"kale",4475
2013-01-26,"kale",3134
2013-01-27,"kale",3310
2013-01-28,"kale",3899
2013-01-29,"kale",4143
2013-01-30,"kale",5205
2013-01-31,"kale",3738
2013-02-01,"kale",3827
2013-02-02,"kale",2972
2013-02-03,"kale",2872
2013-02-04,"kale",3353
2013-02-05,"kale",3859
2013-02-06,"kale",4196
2013-02-07,"kale",4279
2013-02-08,"kale",4096
2013-02-09,"kale",3226
2013-02-10,"kale",2992
2013-02-11,"kale",3566
2013-02-12,"kale",3574
2013-02-13,"kale",3755
2013-02-14,"kale",2938
2013-02-15,"kale",2695
2013-02-16,"kale",2694
2013-02-17,"kale",2942
2013-02-18,"kale",3257
2013-02-19,"kale",3658
2013-02-20,"kale",4026
2013-02-21,"kale",4101
2013-02-22,"kale",3893
2013-02-23,"kale",3005
2013-02-24,"kale",3383
2013-02-25,"kale",3304
2013-02-26,"kale",4168
2013-02-27,"kale",3458
2013-02-28,"kale",3686
2013-03-01,"kale",3788
2013-03-02,"kale",3613
2013-03-03,"kale",3331
2013-03-04,"kale",3836
2013-03-05,"kale",5071
2013-03-06,"kale",4048
2013-03-07,"kale",4009
2013-03-08,"kale",3779
2013-03-09,"kale",3101
2013-03-10,"kale",3266
2013-03-11,"kale",3630
2013-03-12,"kale",3874
2013-03-13,"kale",3816
2013-03-14,"kale",3936
2013-03-15,"kale",3499
2013-03-16,"kale",2939
2013-03-17,"kale",3239
2013-03-18,"kale",3671
2013-03-19,"kale",3590
2013-03-20,"kale",3859
2013-03-21,"kale",3606
2013-03-22,"kale",4154
2013-03-23,"kale",2935
2013-03-24,"kale",3012
2013-03-25,"kale",3999
2013-03-26,"kale",4083
2013-03-27,"kale",3851
2013-03-28,"kale",4086
2013-03-29,"kale",3548
2013-03-30,"kale",2926
2013-03-31,"kale",2318
2013-04-01,"kale",3365
2013-04-02,"kale",3934
2013-04-03,"kale",3951
2013-04-04,"kale",3644
2013-04-05,"kale",3542
2013-04-06,"kale",2963
2013-04-07,"kale",2878
2013-04-08,"kale",3907
2013-04-09,"kale",3964
2013-04-10,"kale",3869
2013-04-11,"kale",4158
2013-04-12,"kale",3638
2013-04-13,"kale",2694
2013-04-14,"kale",3051
2013-04-15,"kale",3291
2013-04-16,"kale",3589
2013-04-17,"kale",3877
2013-04-18,"kale",3907
2013-04-19,"kale",3447
2013-04-20,"kale",2942
2013-04-21,"kale",2883
2013-04-22,"kale",3879
2013-04-23,"kale",5140
2013-04-24,"kale",3849
2013-04-25,"kale",3847
2013-04-26,"kale",3463
2013-04-27,"kale",3325
2013-04-28,"kale",2753
2013-04-29,"kale",5252
2013-04-30,"kale",3930
2013-05-01,"kale",3652
2013-05-02,"kale",3782
2013-05-03,"kale",3441
2013-05-04,"kale",3406
2013-05-05,"kale",2718
2013-05-06,"kale",3417
2013-05-07,"kale",3641
2013-05-08,"kale",3563
2013-05-09,"kale",3426
2013-05-10,"kale",3171
2013-05-11,"kale",2621
2013-05-12,"kale",2106
2013-05-13,"kale",2697
2013-05-14,"kale",3316
2013-05-15,"kale",3427
2013-05-16,"kale",3907
2013-05-17,"kale",3699
2013-05-18,"kale",2817
2013-05-19,"kale",2712
2013-05-20,"kale",3671
2013-05-21,"kale",3626
2013-05-22,"kale",3791
2013-05-23,"kale",3289
2013-05-24,"kale",3493
2013-05-25,"kale",2924
2013-05-26,"kale",2540
2013-05-27,"kale",2965
2013-05-28,"kale",3506
2013-05-29,"kale",3884
2013-05-30,"kale",3822
2013-05-31,"kale",3587
2013-06-01,"kale",2947
2013-06-02,"kale",2968
2013-06-03,"kale",3750
2013-06-04,"kale",3949
2013-06-05,"kale",4242
2013-06-06,"kale",3608
2013-06-07,"kale",4146
2013-06-08,"kale",3048
2013-06-09,"kale",3002
2013-06-10,"kale",3376
2013-06-11,"kale",3607
2013-06-12,"kale",3647
2013-06-13,"kale",3716
2013-06-14,"kale",3928
2013-06-15,"kale",3030
2013-06-16,"kale",2635
2013-06-17,"kale",3639
2013-06-18,"kale",3685
2013-06-19,"kale",3963
2013-06-20,"kale",3544
2013-06-21,"kale",3763
2013-06-22,"kale",2903
2013-06-23,"kale",2789
2013-06-24,"kale",3730
2013-06-25,"kale",3622
2013-06-26,"kale",4677
2013-06-27,"kale",3682
2013-06-28,"kale",3633
2013-06-29,"kale",3021
2013-06-30,"kale",3591
2013-07-01,"kale",3673
2013-07-02,"kale",5000
2013-07-03,"kale",4301
2013-07-04,"kale",3181
2013-07-05,"kale",3366
2013-07-06,"kale",2972
2013-07-07,"kale",3254
2013-07-08,"kale",3697
2013-07-09,"kale",4068
2013-07-10,"kale",3990
2013-07-11,"kale",4397
2013-07-12,"kale",3770
2013-07-13,"kale",2742
2013-07-14,"kale",2953
2013-07-15,"kale",3428
2013-07-16,"kale",3863
2013-07-17,"kale",3851
2013-07-18,"kale",3746
2013-07-19,"kale",4213
2013-07-20,"kale",5363
2013-07-21,"kale",3916
2013-07-22,"kale",3762
2013-07-23,"kale",3666
2013-07-24,"kale",4287
2013-07-25,"kale",3972
2013-07-26,"kale",3534
2013-07-27,"kale",3218
2013-07-28,"kale",3178
2013-07-29,"kale",3712
2013-07-30,"kale",4926
2013-07-31,"kale",4469
2013-08-01,"kale",3669
2013-08-02,"kale",3498
2013-08-03,"kale",3298
2013-08-04,"kale",2935
2013-08-05,"kale",3861
2013-08-06,"kale",4018
2013-08-07,"kale",4863
2013-08-08,"kale",4570
2013-08-09,"kale",3760
2013-08-10,"kale",3437
2013-08-11,"kale",3872
2013-08-12,"kale",4185
2013-08-13,"kale",4032
2013-08-14,"kale",3990
2013-08-15,"kale",4719
2013-08-16,"kale",4970
2013-08-17,"kale",3679
2013-08-18,"kale",3623
2013-08-19,"kale",4021
2013-08-20,"kale",4714
2013-08-21,"kale",4058
2013-08-22,"kale",4219
2013-08-23,"kale",3735
2013-08-24,"kale",3485
2013-08-25,"kale",7454
2013-08-26,"kale",5315
2013-08-27,"kale",5314
2013-08-28,"kale",4924
2013-08-29,"kale",4355
2013-08-30,"kale",4285
2013-08-31,"kale",3397
2013-09-01,"kale",3149
2013-09-02,"kale",3250
2013-09-03,"kale",4592
2013-09-04,"kale",4276
2013-09-05,"kale",4326
2013-09-06,"kale",4228
2013-09-07,"kale",3071
2013-09-08,"kale",3690
2013-09-09,"kale",4425
2013-09-10,"kale",4998
2013-09-11,"kale",4436
2013-09-12,"kale",4426
2013-09-13,"kale",3689
2013-09-14,"kale",3885
2013-09-15,"kale",3321
2013-09-16,"kale",4058
2013-09-17,"kale",4326
2013-09-18,"kale",4811
2013-09-19,"kale",3703
2013-09-20,"kale",4461
2013-09-21,"kale",3544
2013-09-22,"kale",4464
2013-09-23,"kale",5014
2013-09-24,"kale",4746
2013-09-25,"kale",4383
2013-09-26,"kale",4482
2013-09-27,"kale",4354
2013-09-28,"kale",3393
2013-09-29,"kale",3330
2013-09-30,"kale",3847
2013-10-01,"kale",5553
2013-10-02,"kale",10430
2013-10-03,"kale",7459
2013-10-04,"kale",4092
2013-10-05,"kale",3321
2013-10-06,"kale",3717
2013-10-07,"kale",4715
2013-10-08,"kale",4543
2013-10-09,"kale",4320
2013-10-10,"kale",3888
2013-10-11,"kale",3597
2013-10-12,"kale",3215
2013-10-13,"kale",3143
2013-10-14,"kale",3913
2013-10-15,"kale",4555
2013-10-16,"kale",3840
2013-10-17,"kale",4025
2013-10-18,"kale",3965
2013-10-19,"kale",3659
2013-10-20,"kale",3307
2013-10-21,"kale",5431
2013-10-22,"kale",4564
2013-10-23,"kale",4602
2013-10-24,"kale",3800
2013-10-25,"kale",3827
2013-10-26,"kale",2751
2013-10-27,"kale",2888
2013-10-28,"kale",3727
2013-10-29,"kale",3915
2013-10-30,"kale",4262
2013-10-31,"kale",4890
2013-11-01,"kale",3940
2013-11-02,"kale",3957
2013-11-03,"kale",3511
2013-11-04,"kale",4430
2013-11-05,"kale",4429
2013-11-06,"kale",5494
2013-11-07,"kale",6996
2013-11-08,"kale",5034
2013-11-09,"kale",3519
2013-11-10,"kale",3367
2013-11-11,"kale",8457
2013-11-12,"kale",5946
2013-11-13,"kale",4718
2013-11-14,"kale",4638
2013-11-15,"kale",4239
2013-11-16,"kale",3373
2013-11-17,"kale",3472
2013-11-18,"kale",5055
2013-11-19,"kale",4748
2013-11-20,"kale",4366
2013-11-21,"kale",4142
2013-11-22,"kale",4252
2013-11-23,"kale",4032
2013-11-24,"kale",3828
2013-11-25,"kale",4195
2013-11-26,"kale",4068
2013-11-27,"kale",3848
2013-11-28,"kale",3712
2013-11-29,"kale",2680
2013-11-30,"kale",3078
2013-12-01,"kale",3205
2013-12-02,"kale",3446
2013-12-03,"kale",4221
2013-12-04,"kale",4693
2013-12-05,"kale",4145
2013-12-06,"kale",3739
2013-12-07,"kale",3433
2013-12-08,"kale",3446
2013-12-09,"kale",3834
2013-12-10,"kale",3708
2013-12-11,"kale",3703
2013-12-12,"kale",3999
2013-12-13,"kale",3216
2013-12-14,"kale",2801
2013-12-15,"kale",2621
2013-12-16,"kale",3726
2013-12-17,"kale",3365
2013-12-18,"kale",3839
2013-12-19,"kale",3523
2013-12-20,"kale",3092
2013-12-21,"kale",2684
2013-12-22,"kale",2881
2013-12-23,"kale",3185
2013-12-24,"kale",2656
2013-12-25,"kale",2121
2013-12-26,"kale",2541
2013-12-27,"kale",3418
2013-12-28,"kale",3335
2013-12-29,"kale",4596
2013-12-30,"kale",4750
2013-12-31,"kale",3857
2014-01-01,"kale",3652
2014-01-02,"kale",5069
2014-01-03,"kale",5312
2014-01-04,"kale",4201
2014-01-05,"kale",4809
2014-01-06,"kale",5980
2014-01-07,"kale",6329
2014-01-08,"kale",5548
2014-01-09,"kale",6578
2014-01-10,"kale",5690
2014-01-11,"kale",5384
2014-01-12,"kale",5716
2014-01-13,"kale",6306
2014-01-14,"kale",6242
2014-01-15,"kale",6076
2014-01-16,"kale",7789
2014-01-17,"kale",5659
2014-01-18,"kale",4841
2014-01-19,"kale",4463
2014-01-20,"kale",5994
2014-01-21,"kale",6019
2014-01-22,"kale",6250
2014-01-23,"kale",5368
2014-01-24,"kale",5957
2014-01-25,"kale",4334
2014-01-26,"kale",4836
2014-01-27,"kale",6156
2014-01-28,"kale",6029
2014-01-29,"kale",5438
2014-01-30,"kale",5498
2014-01-31,"kale",4789
2014-02-01,"kale",4250
2014-02-02,"kale",4529
2014-02-03,"kale",5001
2014-02-04,"kale",5486
2014-02-05,"kale",5452
2014-02-06,"kale",5491
2014-02-07,"kale",4312
2014-02-08,"kale",4034
2014-02-09,"kale",4292
2014-02-10,"kale",5340
2014-02-11,"kale",5338
2014-02-12,"kale",5765
2014-02-13,"kale",4824
2014-02-14,"kale",3829
2014-02-15,"kale",3370
2014-02-16,"kale",3694
2014-02-17,"kale",4318
2014-02-18,"kale",5419
2014-02-19,"kale",5353
2014-02-20,"kale",4817
2014-02-21,"kale",5346
2014-02-22,"kale",3729
2014-02-23,"kale",4113
2014-02-24,"kale",5392
2014-02-25,"kale",5900
2014-02-26,"kale",5717
2014-02-27,"kale",4847
2014-02-28,"kale",4514
2014-03-01,"kale",3693
2014-03-02,"kale",4162
2014-03-03,"kale",4479
2014-03-04,"kale",4969
2014-03-05,"kale",4927
2014-03-06,"kale",5911
2014-03-07,"kale",7130
2014-03-08,"kale",4908
2014-03-09,"kale",4318
2014-03-10,"kale",4967
2014-03-11,"kale",5911
2014-03-12,"kale",6618
2014-03-13,"kale",7976
2014-03-14,"kale",5596
2014-03-15,"kale",6001
2014-03-16,"kale",5848
2014-03-17,"kale",6051
2014-03-18,"kale",5682
2014-03-19,"kale",5697
2014-03-20,"kale",5180
2014-03-21,"kale",5451
2014-03-22,"kale",4032
2014-03-23,"kale",3986
2014-03-24,"kale",4919
2014-03-25,"kale",5877
2014-03-26,"kale",6841
2014-03-27,"kale",4892
2014-03-28,"kale",4851
2014-03-29,"kale",3758
2014-03-30,"kale",3866
2014-03-31,"kale",5128
2014-04-01,"kale",5819
2014-04-02,"kale",5422
2014-04-03,"kale",5171
2014-04-04,"kale",5338
2014-04-05,"kale",4358
2014-04-06,"kale",4746
2014-04-07,"kale",5399
2014-04-08,"kale",5791
2014-04-09,"kale",5092
2014-04-10,"kale",4558
2014-04-11,"kale",4490
2014-04-12,"kale",5137
2014-04-13,"kale",4774
2014-04-14,"kale",4866
2014-04-15,"kale",5724
2014-04-16,"kale",5642
2014-04-17,"kale",5204
2014-04-18,"kale",5142
2014-04-19,"kale",5075
2014-04-20,"kale",3667
2014-04-21,"kale",5341
2014-04-22,"kale",5657
2014-04-23,"kale",5389
2014-04-24,"kale",7767
2014-04-25,"kale",7170
2014-04-26,"kale",4243
2014-04-27,"kale",4379
2014-04-28,"kale",5644
2014-04-29,"kale",5716
2014-04-30,"kale",5546
2014-05-01,"kale",4746
2014-05-02,"kale",4546
2014-05-03,"kale",3863
2014-05-04,"kale",3778
2014-05-05,"kale",4087
2014-05-06,"kale",5482
2014-05-07,"kale",4969
2014-05-08,"kale",4522
2014-05-09,"kale",4787
2014-05-10,"kale",3664
2014-05-11,"kale",3632
2014-05-12,"kale",4246
2014-05-13,"kale",5687
2014-05-14,"kale",6085
2014-05-15,"kale",5265
2014-05-16,"kale",4967
2014-05-17,"kale",3751
2014-05-18,"kale",3625
2014-05-19,"kale",4362
2014-05-20,"kale",5273
2014-05-21,"kale",5944
2014-05-22,"kale",5728
2014-05-23,"kale",5732
2014-05-24,"kale",4053
2014-05-25,"kale",4154
2014-05-26,"kale",4110
2014-05-27,"kale",4623
2014-05-28,"kale",4733
2014-05-29,"kale",5249
2014-05-30,"kale",5455
2014-05-31,"kale",4376
2014-06-01,"kale",3475
2014-06-02,"kale",4494
2014-06-03,"kale",4972
2014-06-04,"kale",4945
2014-06-05,"kale",4629
2014-06-06,"kale",4621
2014-06-07,"kale",3885
2014-06-08,"kale",3549
2014-06-09,"kale",5350
2014-06-10,"kale",5610
2014-06-11,"kale",4929
2014-06-12,"kale",4760
2014-06-13,"kale",4384
2014-06-14,"kale",3777
2014-06-15,"kale",3040
2014-06-16,"kale",4126
2014-06-17,"kale",4477
2014-06-18,"kale",4601
2014-06-19,"kale",5035
2014-06-20,"kale",4902
2014-06-21,"kale",3708
2014-06-22,"kale",3800
2014-06-23,"kale",4628
2014-06-24,"kale",6310
2014-06-25,"kale",5255
2014-06-26,"kale",4633
2014-06-27,"kale",4742
2014-06-28,"kale",3921
2014-06-29,"kale",3518
2014-06-30,"kale",4063
2014-07-01,"kale",4533
2014-07-02,"kale",5590
2014-07-03,"kale",5034
2014-07-04,"kale",3584
2014-07-05,"kale",2882
2014-07-06,"kale",3394
2014-07-07,"kale",4223
2014-07-08,"kale",4944
2014-07-09,"kale",4857
2014-07-10,"kale",5797
2014-07-11,"kale",4594
2014-07-12,"kale",3574
2014-07-13,"kale",11702
2014-07-14,"kale",7045
2014-07-15,"kale",5351
2014-07-16,"kale",6561
2014-07-17,"kale",5292
2014-07-18,"kale",4323
2014-07-19,"kale",5037
2014-07-20,"kale",4099
2014-07-21,"kale",4298
2014-07-22,"kale",4727
2014-07-23,"kale",5449
2014-07-24,"kale",6301
2014-07-25,"kale",6385
2014-07-26,"kale",4020
2014-07-27,"kale",3690
2014-07-28,"kale",4661
2014-07-29,"kale",5070
2014-07-30,"kale",5110
2014-07-31,"kale",5052
2014-08-01,"kale",5073
2014-08-02,"kale",4954
2014-08-03,"kale",4304
2014-08-04,"kale",5437
2014-08-05,"kale",6281
2014-08-06,"kale",13608
2014-08-07,"kale",5896
2014-08-08,"kale",7298
2014-08-09,"kale",5109
2014-08-10,"kale",3959
2014-08-11,"kale",4701
2014-08-12,"kale",5103
2014-08-13,"kale",5113
2014-08-14,"kale",4490
2014-08-15,"kale",4568
2014-08-16,"kale",4436
2014-08-17,"kale",3402
2014-08-18,"kale",4638
2014-08-19,"kale",5611
2014-08-20,"kale",5001
2014-08-21,"kale",4011
2014-08-22,"kale",4206
2014-08-23,"kale",12012
2014-08-24,"kale",5346
2014-08-25,"kale",4148
2014-08-26,"kale",5031
2014-08-27,"kale",5518
2014-08-28,"kale",4114
2014-08-29,"kale",3938
2014-08-30,"kale",3158
2014-08-31,"kale",3072
2014-09-01,"kale",3654
2014-09-02,"kale",4312
2014-09-03,"kale",4996
2014-09-04,"kale",4072
2014-09-05,"kale",4960
2014-09-06,"kale",4909
2014-09-07,"kale",4251
2014-09-08,"kale",4919
2014-09-09,"kale",4669
2014-09-10,"kale",5856
2014-09-11,"kale",4108
2014-09-12,"kale",4417
2014-09-13,"kale",3714
2014-09-14,"kale",3658
2014-09-15,"kale",4499
2014-09-16,"kale",4603
2014-09-17,"kale",4308
2014-09-18,"kale",4345
2014-09-19,"kale",3602
2014-09-20,"kale",3089
2014-09-21,"kale",3315
2014-09-22,"kale",3835
2014-09-23,"kale",4122
2014-09-24,"kale",4234
2014-09-25,"kale",3946
2014-09-26,"kale",3738
2014-09-27,"kale",3810
2014-09-28,"kale",4708
2014-09-29,"kale",4402
2014-09-30,"kale",4700
2014-10-01,"kale",12247
2014-10-02,"kale",6936
2014-10-03,"kale",4777
2014-10-04,"kale",5548
2014-10-05,"kale",3571
2014-10-06,"kale",4503
2014-10-07,"kale",4880
2014-10-08,"kale",4945
2014-10-09,"kale",4357
2014-10-10,"kale",3784
2014-10-11,"kale",4117
2014-10-12,"kale",3696
2014-10-13,"kale",3888
2014-10-14,"kale",4852
2014-10-15,"kale",4074
2014-10-16,"kale",4888
2014-10-17,"kale",5495
2014-10-18,"kale",4158
2014-10-19,"kale",4481
2014-10-20,"kale",6517
2014-10-21,"kale",4919
2014-10-22,"kale",5953
2014-10-23,"kale",5103
2014-10-24,"kale",4456
2014-10-25,"kale",3386
2014-10-26,"kale",3804
2014-10-27,"kale",3962
2014-10-28,"kale",4401
2014-10-29,"kale",5024
2014-10-30,"kale",4771
2014-10-31,"kale",3947
2014-11-01,"kale",3356
2014-11-02,"kale",4596
2014-11-03,"kale",4535
2014-11-04,"kale",5606
2014-11-05,"kale",5110
2014-11-06,"kale",5181
2014-11-07,"kale",4464
2014-11-08,"kale",3751
2014-11-09,"kale",3801
2014-11-10,"kale",4789
2014-11-11,"kale",5185
2014-11-12,"kale",4999
2014-11-13,"kale",5347
2014-11-14,"kale",4347
2014-11-15,"kale",4180
2014-11-16,"kale",3838
2014-11-17,"kale",4161
2014-11-18,"kale",4427
2014-11-19,"kale",7669
2014-11-20,"kale",5060
2014-11-21,"kale",4318
2014-11-22,"kale",5165
2014-11-23,"kale",3816
2014-11-24,"kale",4627
2014-11-25,"kale",3869
2014-11-26,"kale",3968
2014-11-27,"kale",7428
2014-11-28,"kale",8371
2014-11-29,"kale",4173
2014-11-30,"kale",3681
2014-12-01,"kale",5269
2014-12-02,"kale",4487
2014-12-03,"kale",4657
2014-12-04,"kale",6593
2014-12-05,"kale",6084
2014-12-06,"kale",4020
2014-12-07,"kale",3483
2014-12-08,"kale",4082
2014-12-09,"kale",4288
2014-12-10,"kale",3935
2014-12-11,"kale",3991
2014-12-12,"kale",5820
2014-12-13,"kale",3556
2014-12-14,"kale",3152
2014-12-15,"kale",4682
2014-12-16,"kale",4161
2014-12-17,"kale",4442
2014-12-18,"kale",3752
2014-12-19,"kale",3562
2014-12-20,"kale",3087
2014-12-21,"kale",2838
2014-12-22,"kale",3158
2014-12-23,"kale",3310
2014-12-24,"kale",2754
2014-12-25,"kale",2739
2014-12-26,"kale",3326
2014-12-27,"kale",3116
2014-12-28,"kale",3294
2014-12-29,"kale",4070
2014-12-30,"kale",4120
2014-12-31,"kale",4189
2015-01-01,"kale",3894
2015-01-02,"kale",5355
2015-01-03,"kale",5039
2015-01-04,"kale",4779
2015-01-05,"kale",6129
2015-01-06,"kale",7611
2015-01-07,"kale",6417
2015-01-08,"kale",5756
2015-01-09,"kale",7908
2015-01-10,"kale",5678
2015-01-11,"kale",5622
2015-01-12,"kale",6519
2015-01-13,"kale",8016
2015-01-14,"kale",6219
2015-01-15,"kale",6767
2015-01-16,"kale",5552
2015-01-17,"kale",4505
2015-01-18,"kale",4597
2015-01-19,"kale",5332
2015-01-20,"kale",6052
2015-01-21,"kale",6089
2015-01-22,"kale",5624
2015-01-23,"kale",5041
2015-01-24,"kale",4674
2015-01-25,"kale",4363
2015-01-26,"kale",9673
2015-01-27,"kale",11456
2015-01-28,"kale",8698
2015-01-29,"kale",5985
2015-01-30,"kale",6145
2015-01-31,"kale",4633
2015-02-01,"kale",5141
2015-02-02,"kale",5458
2015-02-03,"kale",6545
2015-02-04,"kale",6208
2015-02-05,"kale",5931
2015-02-06,"kale",5019
2015-02-07,"kale",4220
2015-02-08,"kale",4442
2015-02-09,"kale",5578
2015-02-10,"kale",5456
2015-02-11,"kale",5027
2015-02-12,"kale",5227
2015-02-13,"kale",4328
2015-02-14,"kale",3926
2015-02-15,"kale",4655
2015-02-16,"kale",4649
2015-02-17,"kale",4888
2015-02-18,"kale",6472
2015-02-19,"kale",4984
2015-02-20,"kale",5100
2015-02-21,"kale",3959
2015-02-22,"kale",4246
2015-02-23,"kale",5773
2015-02-24,"kale",6245
2015-02-25,"kale",5825
2015-02-26,"kale",5974
2015-02-27,"kale",6066
2015-02-28,"kale",4389
2015-03-01,"kale",4605
2015-03-02,"kale",5636
2015-03-03,"kale",5131
2015-03-04,"kale",5035
2015-03-05,"kale",4996
2015-03-06,"kale",5295
2015-03-07,"kale",4581
2015-03-08,"kale",4488
2015-03-09,"kale",5886
2015-03-10,"kale",8823
2015-03-11,"kale",8314
2015-03-12,"kale",10229
2015-03-13,"kale",5900
2015-03-14,"kale",6368
2015-03-15,"kale",7751
2015-03-16,"kale",5209
2015-03-17,"kale",6703
2015-03-18,"kale",5118
2015-03-19,"kale",5080
2015-03-20,"kale",5196
2015-03-21,"kale",4006
2015-03-22,"kale",4143
2015-03-23,"kale",5641
2015-03-24,"kale",5612
2015-03-25,"kale",5444
2015-03-26,"kale",5070
2015-03-27,"kale",5053
2015-03-28,"kale",5874
2015-03-29,"kale",4888
2015-03-30,"kale",6126
2015-03-31,"kale",7372
2015-04-01,"kale",9149
2015-04-02,"kale",6183
2015-04-03,"kale",4972
2015-04-04,"kale",5297
2015-04-05,"kale",4978
2015-04-06,"kale",4579
2015-04-07,"kale",6435
2015-04-08,"kale",6474
2015-04-09,"kale",5925
2015-04-10,"kale",5978
2015-04-11,"kale",3960
2015-04-12,"kale",4126
2015-04-13,"kale",5363
2015-04-14,"kale",5691
2015-04-15,"kale",6256
2015-04-16,"kale",5892
2015-04-17,"kale",4732
2015-04-18,"kale",3904
2015-04-19,"kale",3953
2015-04-20,"kale",5357
2015-04-21,"kale",6152
2015-04-22,"kale",6265
2015-04-23,"kale",5787
2015-04-24,"kale",4720
2015-04-25,"kale",3714
2015-04-26,"kale",4514
2015-04-27,"kale",5136
2015-04-28,"kale",5236
2015-04-29,"kale",5683
2015-04-30,"kale",5412
2012-01-01,"dairy",2994
2012-01-02,"dairy",4645
2012-01-03,"dairy",5445
2012-01-04,"dairy",5541
2012-01-05,"dairy",6160
2012-01-06,"dairy",6540
2012-01-07,"dairy",4776
2012-01-08,"dairy",4357
2012-01-09,"dairy",6494
2012-01-10,"dairy",8521
2012-01-11,"dairy",5451
2012-01-12,"dairy",5387
2012-01-13,"dairy",5343
2012-01-14,"dairy",4605
2012-01-15,"dairy",6001
2012-01-16,"dairy",5347
2012-01-17,"dairy",5118
2012-01-18,"dairy",4871
2012-01-19,"dairy",5690
2012-01-20,"dairy",6779
2012-01-21,"dairy",5138
2012-01-22,"dairy",4874
2012-01-23,"dairy",5547
2012-01-24,"dairy",5523
2012-01-25,"dairy",6496
2012-01-26,"dairy",5634
2012-01-27,"dairy",5629
2012-01-28,"dairy",5156
2012-01-29,"dairy",5051
2012-01-30,"dairy",6726
2012-01-31,"dairy",6850
2012-02-01,"dairy",6070
2012-02-02,"dairy",6305
2012-02-03,"dairy",6210
2012-02-04,"dairy",5760
2012-02-05,"dairy",4915
2012-02-06,"dairy",5080
2012-02-07,"dairy",5731
2012-02-08,"dairy",5497
2012-02-09,"dairy",6158
2012-02-10,"dairy",5583
2012-02-11,"dairy",4607
2012-02-12,"dairy",4455
2012-02-13,"dairy",5405
2012-02-14,"dairy",5009
2012-02-15,"dairy",5306
2012-02-16,"dairy",5576
2012-02-17,"dairy",5404
2012-02-18,"dairy",5077
2012-02-19,"dairy",4884
2012-02-20,"dairy",6263
2012-02-21,"dairy",6394
2012-02-22,"dairy",6909
2012-02-23,"dairy",6325
2012-02-24,"dairy",6208
2012-02-25,"dairy",5650
2012-02-26,"dairy",5445
2012-02-27,"dairy",6148
2012-02-28,"dairy",6324
2012-02-29,"dairy",6572
2012-03-01,"dairy",6886
2012-03-02,"dairy",6647
2012-03-03,"dairy",5365
2012-03-04,"dairy",6150
2012-03-05,"dairy",6747
2012-03-06,"dairy",7571
2012-03-07,"dairy",7413
2012-03-08,"dairy",7474
2012-03-09,"dairy",6791
2012-03-10,"dairy",6037
2012-03-11,"dairy",8489
2012-03-12,"dairy",8607
2012-03-13,"dairy",8813
2012-03-14,"dairy",9999
2012-03-15,"dairy",8825
2012-03-16,"dairy",7579
2012-03-17,"dairy",7314
2012-03-18,"dairy",8602
2012-03-19,"dairy",9408
2012-03-20,"dairy",11411
2012-03-21,"dairy",10122
2012-03-22,"dairy",9122
2012-03-23,"dairy",7559
2012-03-24,"dairy",6071
2012-03-25,"dairy",7057
2012-03-26,"dairy",7445
2012-03-27,"dairy",7237
2012-03-28,"dairy",7466
2012-03-29,"dairy",7139
2012-03-30,"dairy",6441
2012-03-31,"dairy",6117
2012-04-01,"dairy",6496
2012-04-02,"dairy",7434
2012-04-03,"dairy",7487
2012-04-04,"dairy",7672
2012-04-05,"dairy",6923
2012-04-06,"dairy",7702
2012-04-07,"dairy",6451
2012-04-08,"dairy",8431
2012-04-09,"dairy",6780
2012-04-10,"dairy",6881
2012-04-11,"dairy",8608
2012-04-12,"dairy",7797
2012-04-13,"dairy",6830
2012-04-14,"dairy",6199
2012-04-15,"dairy",7629
2012-04-16,"dairy",8489
2012-04-17,"dairy",8613
2012-04-18,"dairy",7441
2012-04-19,"dairy",7411
2012-04-20,"dairy",7169
2012-04-21,"dairy",6706
2012-04-22,"dairy",6275
2012-04-23,"dairy",7764
2012-04-24,"dairy",11356
2012-04-25,"dairy",9588
2012-04-26,"dairy",7807
2012-04-27,"dairy",7075
2012-04-28,"dairy",5752
2012-04-29,"dairy",7078
2012-04-30,"dairy",7553
2012-05-01,"dairy",7742
2012-05-02,"dairy",8761
2012-05-03,"dairy",8961
2012-05-04,"dairy",7725
2012-05-05,"dairy",6286
2012-05-06,"dairy",7301
2012-05-07,"dairy",8033
2012-05-08,"dairy",8214
2012-05-09,"dairy",8429
2012-05-10,"dairy",7607
2012-05-11,"dairy",7980
2012-05-12,"dairy",6466
2012-05-13,"dairy",7135
2012-05-14,"dairy",8185
2012-05-15,"dairy",8802
2012-05-16,"dairy",9850
2012-05-17,"dairy",8884
2012-05-18,"dairy",7905
2012-05-19,"dairy",7508
2012-05-20,"dairy",9734
2012-05-21,"dairy",10696
2012-05-22,"dairy",8338
2012-05-23,"dairy",8742
2012-05-24,"dairy",8477
2012-05-25,"dairy",7869
2012-05-26,"dairy",6755
2012-05-27,"dairy",7486
2012-05-28,"dairy",8932
2012-05-29,"dairy",9234
2012-05-30,"dairy",7948
2012-05-31,"dairy",7871
2012-06-01,"dairy",8360
2012-06-02,"dairy",6654
2012-06-03,"dairy",8068
2012-06-04,"dairy",8843
2012-06-05,"dairy",8622
2012-06-06,"dairy",10054
2012-06-07,"dairy",8517
2012-06-08,"dairy",7940
2012-06-09,"dairy",6446
2012-06-10,"dairy",7152
2012-06-11,"dairy",11221
2012-06-12,"dairy",9578
2012-06-13,"dairy",8798
2012-06-14,"dairy",11398
2012-06-15,"dairy",8953
2012-06-16,"dairy",7255
2012-06-17,"dairy",7045
2012-06-18,"dairy",8680
2012-06-19,"dairy",8614
2012-06-20,"dairy",9726
2012-06-21,"dairy",9494
2012-06-22,"dairy",8969
2012-06-23,"dairy",8161
2012-06-24,"dairy",7163
2012-06-25,"dairy",8298
2012-06-26,"dairy",8720
2012-06-27,"dairy",8698
2012-06-28,"dairy",8622
2012-06-29,"dairy",8117
2012-06-30,"dairy",6943
2012-07-01,"dairy",7991
2012-07-02,"dairy",7815
2012-07-03,"dairy",8548
2012-07-04,"dairy",7261
2012-07-05,"dairy",7395
2012-07-06,"dairy",10495
2012-07-07,"dairy",7623
2012-07-08,"dairy",8054
2012-07-09,"dairy",9821
2012-07-10,"dairy",9591
2012-07-11,"dairy",16848
2012-07-12,"dairy",11327
2012-07-13,"dairy",12062
2012-07-14,"dairy",8583
2012-07-15,"dairy",8137
2012-07-16,"dairy",8725
2012-07-17,"dairy",10264
2012-07-18,"dairy",10086
2012-07-19,"dairy",10682
2012-07-20,"dairy",12486
2012-07-21,"dairy",11006
2012-07-22,"dairy",11755
2012-07-23,"dairy",11922
2012-07-24,"dairy",10919
2012-07-25,"dairy",10522
2012-07-26,"dairy",11884
2012-07-27,"dairy",9580
2012-07-28,"dairy",6784
2012-07-29,"dairy",6899
2012-07-30,"dairy",8514
2012-07-31,"dairy",8122
2012-08-01,"dairy",8347
2012-08-02,"dairy",9309
2012-08-03,"dairy",8633
2012-08-04,"dairy",7443
2012-08-05,"dairy",7706
2012-08-06,"dairy",8022
2012-08-07,"dairy",8359
2012-08-08,"dairy",8855
2012-08-09,"dairy",7983
2012-08-10,"dairy",7587
2012-08-11,"dairy",6652
2012-08-12,"dairy",7207
2012-08-13,"dairy",7803
2012-08-14,"dairy",8017
2012-08-15,"dairy",9710
2012-08-16,"dairy",7916
2012-08-17,"dairy",8094
2012-08-18,"dairy",7022
2012-08-19,"dairy",7082
2012-08-20,"dairy",8281
2012-08-21,"dairy",7975
2012-08-22,"dairy",7705
2012-08-23,"dairy",7879
2012-08-24,"dairy",7361
2012-08-25,"dairy",6699
2012-08-26,"dairy",6647
2012-08-27,"dairy",7001
2012-08-28,"dairy",7084
2012-08-29,"dairy",6917
2012-08-30,"dairy",7099
2012-08-31,"dairy",6569
2012-09-01,"dairy",6654
2012-09-02,"dairy",6301
2012-09-03,"dairy",7495
2012-09-04,"dairy",7517
2012-09-05,"dairy",7747
2012-09-06,"dairy",7942
2012-09-07,"dairy",6230
2012-09-08,"dairy",6268
2012-09-09,"dairy",7288
2012-09-10,"dairy",7956
2012-09-11,"dairy",7474
2012-09-12,"dairy",6955
2012-09-13,"dairy",7034
2012-09-14,"dairy",6035
2012-09-15,"dairy",5610
2012-09-16,"dairy",6888
2012-09-17,"dairy",7294
2012-09-18,"dairy",6939
2012-09-19,"dairy",7249
2012-09-20,"dairy",6900
2012-09-21,"dairy",8129
2012-09-22,"dairy",6153
2012-09-23,"dairy",6555
2012-09-24,"dairy",7010
2012-09-25,"dairy",7401
2012-09-26,"dairy",7228
2012-09-27,"dairy",7379
2012-09-28,"dairy",6150
2012-09-29,"dairy",5875
2012-09-30,"dairy",6882
2012-10-01,"dairy",7849
2012-10-02,"dairy",7420
2012-10-03,"dairy",7997
2012-10-04,"dairy",7975
2012-10-05,"dairy",7268
2012-10-06,"dairy",5781
2012-10-07,"dairy",6968
2012-10-08,"dairy",7324
2012-10-09,"dairy",7824
2012-10-10,"dairy",9019
2012-10-11,"dairy",9368
2012-10-12,"dairy",7705
2012-10-13,"dairy",6399
2012-10-14,"dairy",7075
2012-10-15,"dairy",7265
2012-10-16,"dairy",7746
2012-10-17,"dairy",7917
2012-10-18,"dairy",7373
2012-10-19,"dairy",7134
2012-10-20,"dairy",6414
2012-10-21,"dairy",6915
2012-10-22,"dairy",6997
2012-10-23,"dairy",7550
2012-10-24,"dairy",7585
2012-10-25,"dairy",7537
2012-10-26,"dairy",7278
2012-10-27,"dairy",5898
2012-10-28,"dairy",5624
2012-10-29,"dairy",6533
2012-10-30,"dairy",6539
2012-10-31,"dairy",5977
2012-11-01,"dairy",6521
2012-11-02,"dairy",6335
2012-11-03,"dairy",5408
2012-11-04,"dairy",6052
2012-11-05,"dairy",6418
2012-11-06,"dairy",6523
2012-11-07,"dairy",6463
2012-11-08,"dairy",6708
2012-11-09,"dairy",6411
2012-11-10,"dairy",5872
2012-11-11,"dairy",7520
2012-11-12,"dairy",7631
2012-11-13,"dairy",6964
2012-11-14,"dairy",7402
2012-11-15,"dairy",7427
2012-11-16,"dairy",7007
2012-11-17,"dairy",6223
2012-11-18,"dairy",6494
2012-11-19,"dairy",6740
2012-11-20,"dairy",6964
2012-11-21,"dairy",7352
2012-11-22,"dairy",6398
2012-11-23,"dairy",5036
2012-11-24,"dairy",5564
2012-11-25,"dairy",6171
2012-11-26,"dairy",7082
2012-11-27,"dairy",7634
2012-11-28,"dairy",7105
2012-11-29,"dairy",6280
2012-11-30,"dairy",6288
2012-12-01,"dairy",5641
2012-12-02,"dairy",5834
2012-12-03,"dairy",6319
2012-12-04,"dairy",6412
2012-12-05,"dairy",6821
2012-12-06,"dairy",7336
2012-12-07,"dairy",6406
2012-12-08,"dairy",5686
2012-12-09,"dairy",5598
2012-12-10,"dairy",6604
2012-12-11,"dairy",7083
2012-12-12,"dairy",6875
2012-12-13,"dairy",6237
2012-12-14,"dairy",5522
2012-12-15,"dairy",5032
2012-12-16,"dairy",5308
2012-12-17,"dairy",5961
2012-12-18,"dairy",6318
2012-12-19,"dairy",6194
2012-12-20,"dairy",6419
2012-12-21,"dairy",5709
2012-12-22,"dairy",4953
2012-12-23,"dairy",5238
2012-12-24,"dairy",5547
2012-12-25,"dairy",4246
2012-12-26,"dairy",6834
2012-12-27,"dairy",6051
2012-12-28,"dairy",8312
2012-12-29,"dairy",7600
2012-12-30,"dairy",6006
2012-12-31,"dairy",7624
2013-01-01,"dairy",5809
2013-01-02,"dairy",7196
2013-01-03,"dairy",7287
2013-01-04,"dairy",8130
2013-01-05,"dairy",6685
2013-01-06,"dairy",7160
2013-01-07,"dairy",6926
2013-01-08,"dairy",7277
2013-01-09,"dairy",8891
2013-01-10,"dairy",6953
2013-01-11,"dairy",6854
2013-01-12,"dairy",6092
2013-01-13,"dairy",6434
2013-01-14,"dairy",7705
2013-01-15,"dairy",7403
2013-01-16,"dairy",7505
2013-01-17,"dairy",6799
2013-01-18,"dairy",6571
2013-01-19,"dairy",5924
2013-01-20,"dairy",6609
2013-01-21,"dairy",7395
2013-01-22,"dairy",8473
2013-01-23,"dairy",8462
2013-01-24,"dairy",7742
2013-01-25,"dairy",7292
2013-01-26,"dairy",7101
2013-01-27,"dairy",7740
2013-01-28,"dairy",7861
2013-01-29,"dairy",7710
2013-01-30,"dairy",8902
2013-01-31,"dairy",6989
2013-02-01,"dairy",7926
2013-02-02,"dairy",6496
2013-02-03,"dairy",6293
2013-02-04,"dairy",8396
2013-02-05,"dairy",7923
2013-02-06,"dairy",7971
2013-02-07,"dairy",8099
2013-02-08,"dairy",8749
2013-02-09,"dairy",7770
2013-02-10,"dairy",7229
2013-02-11,"dairy",7936
2013-02-12,"dairy",8320
2013-02-13,"dairy",8462
2013-02-14,"dairy",7119
2013-02-15,"dairy",6658
2013-02-16,"dairy",5942
2013-02-17,"dairy",7002
2013-02-18,"dairy",8325
2013-02-19,"dairy",7662
2013-02-20,"dairy",8245
2013-02-21,"dairy",8095
2013-02-22,"dairy",7897
2013-02-23,"dairy",7837
2013-02-24,"dairy",8028
2013-02-25,"dairy",8630
2013-02-26,"dairy",9994
2013-02-27,"dairy",9629
2013-02-28,"dairy",8713
2013-03-01,"dairy",10522
2013-03-02,"dairy",8235
2013-03-03,"dairy",8073
2013-03-04,"dairy",9132
2013-03-05,"dairy",10211
2013-03-06,"dairy",9329
2013-03-07,"dairy",10151
2013-03-08,"dairy",9140
2013-03-09,"dairy",8900
2013-03-10,"dairy",10520
2013-03-11,"dairy",10232
2013-03-12,"dairy",9106
2013-03-13,"dairy",10380
2013-03-14,"dairy",10621
2013-03-15,"dairy",9853
2013-03-16,"dairy",8398
2013-03-17,"dairy",9136
2013-03-18,"dairy",9584
2013-03-19,"dairy",9187
2013-03-20,"dairy",10542
2013-03-21,"dairy",9190
2013-03-22,"dairy",8403
2013-03-23,"dairy",7914
2013-03-24,"dairy",9036
2013-03-25,"dairy",9481
2013-03-26,"dairy",14132
2013-03-27,"dairy",11792
2013-03-28,"dairy",11410
2013-03-29,"dairy",10121
2013-03-30,"dairy",10761
2013-03-31,"dairy",9038
2013-04-01,"dairy",9261
2013-04-02,"dairy",9193
2013-04-03,"dairy",10424
2013-04-04,"dairy",10150
2013-04-05,"dairy",10047
2013-04-06,"dairy",8388
2013-04-07,"dairy",10432
2013-04-08,"dairy",10560
2013-04-09,"dairy",11387
2013-04-10,"dairy",10993
2013-04-11,"dairy",10119
2013-04-12,"dairy",9633
2013-04-13,"dairy",10448
2013-04-14,"dairy",9765
2013-04-15,"dairy",9738
2013-04-16,"dairy",9150
2013-04-17,"dairy",9492
2013-04-18,"dairy",11154
2013-04-19,"dairy",9291
2013-04-20,"dairy",7748
2013-04-21,"dairy",9360
2013-04-22,"dairy",10476
2013-04-23,"dairy",9873
2013-04-24,"dairy",10692
2013-04-25,"dairy",9131
2013-04-26,"dairy",9770
2013-04-27,"dairy",8386
2013-04-28,"dairy",9508
2013-04-29,"dairy",14054
2013-04-30,"dairy",11051
2013-05-01,"dairy",11332
2013-05-02,"dairy",10877
2013-05-03,"dairy",10178
2013-05-04,"dairy",8768
2013-05-05,"dairy",9810
2013-05-06,"dairy",10738
2013-05-07,"dairy",9904
2013-05-08,"dairy",10047
2013-05-09,"dairy",9660
2013-05-10,"dairy",11364
2013-05-11,"dairy",9629
2013-05-12,"dairy",9161
2013-05-13,"dairy",9439
2013-05-14,"dairy",9723
2013-05-15,"dairy",13891
2013-05-16,"dairy",9827
2013-05-17,"dairy",8778
2013-05-18,"dairy",7702
2013-05-19,"dairy",8978
2013-05-20,"dairy",10079
2013-05-21,"dairy",10208
2013-05-22,"dairy",10001
2013-05-23,"dairy",10064
2013-05-24,"dairy",8302
2013-05-25,"dairy",8085
2013-05-26,"dairy",9622
2013-05-27,"dairy",10472
2013-05-28,"dairy",9800
2013-05-29,"dairy",10634
2013-05-30,"dairy",11268
2013-05-31,"dairy",10119
2013-06-01,"dairy",9752
2013-06-02,"dairy",9530
2013-06-03,"dairy",11402
2013-06-04,"dairy",10747
2013-06-05,"dairy",11624
2013-06-06,"dairy",9732
2013-06-07,"dairy",9689
2013-06-08,"dairy",7506
2013-06-09,"dairy",8606
2013-06-10,"dairy",10093
2013-06-11,"dairy",11374
2013-06-12,"dairy",10760
2013-06-13,"dairy",10348
2013-06-14,"dairy",10099
2013-06-15,"dairy",8227
2013-06-16,"dairy",8607
2013-06-17,"dairy",10350
2013-06-18,"dairy",10489
2013-06-19,"dairy",10094
2013-06-20,"dairy",19421
2013-06-21,"dairy",9282
2013-06-22,"dairy",7759
2013-06-23,"dairy",8183
2013-06-24,"dairy",9594
2013-06-25,"dairy",11175
2013-06-26,"dairy",10376
2013-06-27,"dairy",10093
2013-06-28,"dairy",9544
2013-06-29,"dairy",7639
2013-06-30,"dairy",8206
2013-07-01,"dairy",8680
2013-07-02,"dairy",9266
2013-07-03,"dairy",9066
2013-07-04,"dairy",8363
2013-07-05,"dairy",7001
2013-07-06,"dairy",7071
2013-07-07,"dairy",7743
2013-07-08,"dairy",9253
2013-07-09,"dairy",9462
2013-07-10,"dairy",9710
2013-07-11,"dairy",9170
2013-07-12,"dairy",9423
2013-07-13,"dairy",7240
2013-07-14,"dairy",6584
2013-07-15,"dairy",8601
2013-07-16,"dairy",8878
2013-07-17,"dairy",9303
2013-07-18,"dairy",9453
2013-07-19,"dairy",8988
2013-07-20,"dairy",6673
2013-07-21,"dairy",8245
2013-07-22,"dairy",8382
2013-07-23,"dairy",8381
2013-07-24,"dairy",8827
2013-07-25,"dairy",9052
2013-07-26,"dairy",8111
2013-07-27,"dairy",6657
2013-07-28,"dairy",7145
2013-07-29,"dairy",8514
2013-07-30,"dairy",9251
2013-07-31,"dairy",10076
2013-08-01,"dairy",8516
2013-08-02,"dairy",8265
2013-08-03,"dairy",9968
2013-08-04,"dairy",8955
2013-08-05,"dairy",11909
2013-08-06,"dairy",12493
2013-08-07,"dairy",11893
2013-08-08,"dairy",14133
2013-08-09,"dairy",10420
2013-08-10,"dairy",6927
2013-08-11,"dairy",7454
2013-08-12,"dairy",8523
2013-08-13,"dairy",8665
2013-08-14,"dairy",9132
2013-08-15,"dairy",9644
2013-08-16,"dairy",7936
2013-08-17,"dairy",7602
2013-08-18,"dairy",8454
2013-08-19,"dairy",10701
2013-08-20,"dairy",8194
2013-08-21,"dairy",8415
2013-08-22,"dairy",9119
2013-08-23,"dairy",8084
2013-08-24,"dairy",7008
2013-08-25,"dairy",7169
2013-08-26,"dairy",7499
2013-08-27,"dairy",8450
2013-08-28,"dairy",7754
2013-08-29,"dairy",7390
2013-08-30,"dairy",7430
2013-08-31,"dairy",7367
2013-09-01,"dairy",6982
2013-09-02,"dairy",7918
2013-09-03,"dairy",7480
2013-09-04,"dairy",8155
2013-09-05,"dairy",7885
2013-09-06,"dairy",7132
2013-09-07,"dairy",6796
2013-09-08,"dairy",8230
2013-09-09,"dairy",7693
2013-09-10,"dairy",7795
2013-09-11,"dairy",8213
2013-09-12,"dairy",8276
2013-09-13,"dairy",7093
2013-09-14,"dairy",6624
2013-09-15,"dairy",7097
2013-09-16,"dairy",10375
2013-09-17,"dairy",11058
2013-09-18,"dairy",8088
2013-09-19,"dairy",10969
2013-09-20,"dairy",11101
2013-09-21,"dairy",7833
2013-09-22,"dairy",8242
2013-09-23,"dairy",8150
2013-09-24,"dairy",8375
2013-09-25,"dairy",7822
2013-09-26,"dairy",7426
2013-09-27,"dairy",6824
2013-09-28,"dairy",6084
2013-09-29,"dairy",6375
2013-09-30,"dairy",7587
2013-10-01,"dairy",7891
2013-10-02,"dairy",8060
2013-10-03,"dairy",7587
2013-10-04,"dairy",7370
2013-10-05,"dairy",6151
2013-10-06,"dairy",6308
2013-10-07,"dairy",8139
2013-10-08,"dairy",8505
2013-10-09,"dairy",7501
2013-10-10,"dairy",7171
2013-10-11,"dairy",7604
2013-10-12,"dairy",5933
2013-10-13,"dairy",6309
2013-10-14,"dairy",7759
2013-10-15,"dairy",7948
2013-10-16,"dairy",9067
2013-10-17,"dairy",9112
2013-10-18,"dairy",8451
2013-10-19,"dairy",6661
2013-10-20,"dairy",6565
2013-10-21,"dairy",7234
2013-10-22,"dairy",6755
2013-10-23,"dairy",8379
2013-10-24,"dairy",7089
2013-10-25,"dairy",6922
2013-10-26,"dairy",5669
2013-10-27,"dairy",5741
2013-10-28,"dairy",6476
2013-10-29,"dairy",7698
2013-10-30,"dairy",7303
2013-10-31,"dairy",6624
2013-11-01,"dairy",5646
2013-11-02,"dairy",6031
2013-11-03,"dairy",5946
2013-11-04,"dairy",6502
2013-11-05,"dairy",6624
2013-11-06,"dairy",6448
2013-11-07,"dairy",7275
2013-11-08,"dairy",6628
2013-11-09,"dairy",5824
2013-11-10,"dairy",5666
2013-11-11,"dairy",6909
2013-11-12,"dairy",7244
2013-11-13,"dairy",57257
2013-11-14,"dairy",11864
2013-11-15,"dairy",8253
2013-11-16,"dairy",7144
2013-11-17,"dairy",7305
2013-11-18,"dairy",7608
2013-11-19,"dairy",7050
2013-11-20,"dairy",8609
2013-11-21,"dairy",6534
2013-11-22,"dairy",6529
2013-11-23,"dairy",5208
2013-11-24,"dairy",5275
2013-11-25,"dairy",6618
2013-11-26,"dairy",7148
2013-11-27,"dairy",6841
2013-11-28,"dairy",6763
2013-11-29,"dairy",5959
2013-11-30,"dairy",5573
2013-12-01,"dairy",5588
2013-12-02,"dairy",6146
2013-12-03,"dairy",6508
2013-12-04,"dairy",6335
2013-12-05,"dairy",6826
2013-12-06,"dairy",6012
2013-12-07,"dairy",5243
2013-12-08,"dairy",4864
2013-12-09,"dairy",5936
2013-12-10,"dairy",8207
2013-12-11,"dairy",8448
2013-12-12,"dairy",6547
2013-12-13,"dairy",5619
2013-12-14,"dairy",4656
2013-12-15,"dairy",4792
2013-12-16,"dairy",6174
2013-12-17,"dairy",6032
2013-12-18,"dairy",6305
2013-12-19,"dairy",5535
2013-12-20,"dairy",5313
2013-12-21,"dairy",4760
2013-12-22,"dairy",4666
2013-12-23,"dairy",5584
2013-12-24,"dairy",4949
2013-12-25,"dairy",3394
2013-12-26,"dairy",3932
2013-12-27,"dairy",5441
2013-12-28,"dairy",4997
2013-12-29,"dairy",4781
2013-12-30,"dairy",5784
2013-12-31,"dairy",5841
2014-01-01,"dairy",5397
2014-01-02,"dairy",6858
2014-01-03,"dairy",7779
2014-01-04,"dairy",5652
2014-01-05,"dairy",5605
2014-01-06,"dairy",7873
2014-01-07,"dairy",7631
2014-01-08,"dairy",7142
2014-01-09,"dairy",7486
2014-01-10,"dairy",6715
2014-01-11,"dairy",5505
2014-01-12,"dairy",6079
2014-01-13,"dairy",7196
2014-01-14,"dairy",7316
2014-01-15,"dairy",7363
2014-01-16,"dairy",7398
2014-01-17,"dairy",6572
2014-01-18,"dairy",5556
2014-01-19,"dairy",5701
2014-01-20,"dairy",6735
2014-01-21,"dairy",7371
2014-01-22,"dairy",8275
2014-01-23,"dairy",7451
2014-01-24,"dairy",7039
2014-01-25,"dairy",6784
2014-01-26,"dairy",6759
2014-01-27,"dairy",9096
2014-01-28,"dairy",12020
2014-01-29,"dairy",8375
2014-01-30,"dairy",7249
2014-01-31,"dairy",7160
2014-02-01,"dairy",7408
2014-02-02,"dairy",7080
2014-02-03,"dairy",7356
2014-02-04,"dairy",6937
2014-02-05,"dairy",7866
2014-02-06,"dairy",7712
2014-02-07,"dairy",7294
2014-02-08,"dairy",6412
2014-02-09,"dairy",6959
2014-02-10,"dairy",7051
2014-02-11,"dairy",7170
2014-02-12,"dairy",7344
2014-02-13,"dairy",7705
2014-02-14,"dairy",6912
2014-02-15,"dairy",6171
2014-02-16,"dairy",6302
2014-02-17,"dairy",7941
2014-02-18,"dairy",7769
2014-02-19,"dairy",8096
2014-02-20,"dairy",7909
2014-02-21,"dairy",7587
2014-02-22,"dairy",6927
2014-02-23,"dairy",7895
2014-02-24,"dairy",9828
2014-02-25,"dairy",8649
2014-02-26,"dairy",8055
2014-02-27,"dairy",8681
2014-02-28,"dairy",8497
2014-03-01,"dairy",7355
2014-03-02,"dairy",7081
2014-03-03,"dairy",8959
2014-03-04,"dairy",10091
2014-03-05,"dairy",11114
2014-03-06,"dairy",8892
2014-03-07,"dairy",7872
2014-03-08,"dairy",7062
2014-03-09,"dairy",6900
2014-03-10,"dairy",9305
2014-03-11,"dairy",8949
2014-03-12,"dairy",8730
2014-03-13,"dairy",8299
2014-03-14,"dairy",8388
2014-03-15,"dairy",7143
2014-03-16,"dairy",6874
2014-03-17,"dairy",8255
2014-03-18,"dairy",8701
2014-03-19,"dairy",9026
2014-03-20,"dairy",9193
2014-03-21,"dairy",7926
2014-03-22,"dairy",7998
2014-03-23,"dairy",8253
2014-03-24,"dairy",9005
2014-03-25,"dairy",9149
2014-03-26,"dairy",9149
2014-03-27,"dairy",8247
2014-03-28,"dairy",8490
2014-03-29,"dairy",6465
2014-03-30,"dairy",7454
2014-03-31,"dairy",9883
2014-04-01,"dairy",9776
2014-04-02,"dairy",9478
2014-04-03,"dairy",9651
2014-04-04,"dairy",8819
2014-04-05,"dairy",6921
2014-04-06,"dairy",8494
2014-04-07,"dairy",8808
2014-04-08,"dairy",9890
2014-04-09,"dairy",9574
2014-04-10,"dairy",9980
2014-04-11,"dairy",8759
2014-04-12,"dairy",8167
2014-04-13,"dairy",8019
2014-04-14,"dairy",10226
2014-04-15,"dairy",8499
2014-04-16,"dairy",8469
2014-04-17,"dairy",9075
2014-04-18,"dairy",8315
2014-04-19,"dairy",7092
2014-04-20,"dairy",7206
2014-04-21,"dairy",6825
2014-04-22,"dairy",9007
2014-04-23,"dairy",9328
2014-04-24,"dairy",7980
2014-04-25,"dairy",9270
2014-04-26,"dairy",6977
2014-04-27,"dairy",6723
2014-04-28,"dairy",7868
2014-04-29,"dairy",8190
2014-04-30,"dairy",8222
2014-05-01,"dairy",7994
2014-05-02,"dairy",7672
2014-05-03,"dairy",7146
2014-05-04,"dairy",6852
2014-05-05,"dairy",7938
2014-05-06,"dairy",7783
2014-05-07,"dairy",8764
2014-05-08,"dairy",8755
2014-05-09,"dairy",8066
2014-05-10,"dairy",7331
2014-05-11,"dairy",7060
2014-05-12,"dairy",8000
2014-05-13,"dairy",7821
2014-05-14,"dairy",7523
2014-05-15,"dairy",9448
2014-05-16,"dairy",6855
2014-05-17,"dairy",5931
2014-05-18,"dairy",6205
2014-05-19,"dairy",7469
2014-05-20,"dairy",8062
2014-05-21,"dairy",7985
2014-05-22,"dairy",8020
2014-05-23,"dairy",8086
2014-05-24,"dairy",7150
2014-05-25,"dairy",6845
2014-05-26,"dairy",7829
2014-05-27,"dairy",8401
2014-05-28,"dairy",10339
2014-05-29,"dairy",11262
2014-05-30,"dairy",8428
2014-05-31,"dairy",7746
2014-06-01,"dairy",8284
2014-06-02,"dairy",10585
2014-06-03,"dairy",10160
2014-06-04,"dairy",9808
2014-06-05,"dairy",8682
2014-06-06,"dairy",7709
2014-06-07,"dairy",6523
2014-06-08,"dairy",6919
2014-06-09,"dairy",9072
2014-06-10,"dairy",14917
2014-06-11,"dairy",10429
2014-06-12,"dairy",9703
2014-06-13,"dairy",8331
2014-06-14,"dairy",7369
2014-06-15,"dairy",6612
2014-06-16,"dairy",8707
2014-06-17,"dairy",9545
2014-06-18,"dairy",9195
2014-06-19,"dairy",8962
2014-06-20,"dairy",9225
2014-06-21,"dairy",7245
2014-06-22,"dairy",6795
2014-06-23,"dairy",9069
2014-06-24,"dairy",8685
2014-06-25,"dairy",9324
2014-06-26,"dairy",8541
2014-06-27,"dairy",7863
2014-06-28,"dairy",6825
2014-06-29,"dairy",6936
2014-06-30,"dairy",9030
2014-07-01,"dairy",8280
2014-07-02,"dairy",8730
2014-07-03,"dairy",7783
2014-07-04,"dairy",6778
2014-07-05,"dairy",5277
2014-07-06,"dairy",6633
2014-07-07,"dairy",7835
2014-07-08,"dairy",7547
2014-07-09,"dairy",8516
2014-07-10,"dairy",8512
2014-07-11,"dairy",8875
2014-07-12,"dairy",6573
2014-07-13,"dairy",6463
2014-07-14,"dairy",8725
2014-07-15,"dairy",9118
2014-07-16,"dairy",8932
2014-07-17,"dairy",8188
2014-07-18,"dairy",7891
2014-07-19,"dairy",7236
2014-07-20,"dairy",6226
2014-07-21,"dairy",9077
2014-07-22,"dairy",9776
2014-07-23,"dairy",8616
2014-07-24,"dairy",8614
2014-07-25,"dairy",8798
2014-07-26,"dairy",7585
2014-07-27,"dairy",7692
2014-07-28,"dairy",8363
2014-07-29,"dairy",10000
2014-07-30,"dairy",9466
2014-07-31,"dairy",9367
2014-08-01,"dairy",10162
2014-08-02,"dairy",6712
2014-08-03,"dairy",6195
2014-08-04,"dairy",8176
2014-08-05,"dairy",8701
2014-08-06,"dairy",8486
2014-08-07,"dairy",12151
2014-08-08,"dairy",7438
2014-08-09,"dairy",6040
2014-08-10,"dairy",6239
2014-08-11,"dairy",7385
2014-08-12,"dairy",9016
2014-08-13,"dairy",8481
2014-08-14,"dairy",11633
2014-08-15,"dairy",8366
2014-08-16,"dairy",6248
2014-08-17,"dairy",7071
2014-08-18,"dairy",7324
2014-08-19,"dairy",8483
2014-08-20,"dairy",7121
2014-08-21,"dairy",8065
2014-08-22,"dairy",6861
2014-08-23,"dairy",6603
2014-08-24,"dairy",6767
2014-08-25,"dairy",6733
2014-08-26,"dairy",8093
2014-08-27,"dairy",9625
2014-08-28,"dairy",9673
2014-08-29,"dairy",10213
2014-08-30,"dairy",6395
2014-08-31,"dairy",6373
2014-09-01,"dairy",9036
2014-09-02,"dairy",9980
2014-09-03,"dairy",9126
2014-09-04,"dairy",8547
2014-09-05,"dairy",8675
2014-09-06,"dairy",6125
2014-09-07,"dairy",6527
2014-09-08,"dairy",6765
2014-09-09,"dairy",7226
2014-09-10,"dairy",6856
2014-09-11,"dairy",7551
2014-09-12,"dairy",7103
2014-09-13,"dairy",5637
2014-09-14,"dairy",5985
2014-09-15,"dairy",7883
2014-09-16,"dairy",8481
2014-09-17,"dairy",10699
2014-09-18,"dairy",7902
2014-09-19,"dairy",7962
2014-09-20,"dairy",29210
2014-09-21,"dairy",21450
2014-09-22,"dairy",8394
2014-09-23,"dairy",8336
2014-09-24,"dairy",8067
2014-09-25,"dairy",7069
2014-09-26,"dairy",7539
2014-09-27,"dairy",5958
2014-09-28,"dairy",6594
2014-09-29,"dairy",8148
2014-09-30,"dairy",8315
2014-10-01,"dairy",10001
2014-10-02,"dairy",7865
2014-10-03,"dairy",7111
2014-10-04,"dairy",5772
2014-10-05,"dairy",5913
2014-10-06,"dairy",8244
2014-10-07,"dairy",7548
2014-10-08,"dairy",7749
2014-10-09,"dairy",8974
2014-10-10,"dairy",16278
2014-10-11,"dairy",7591
2014-10-12,"dairy",5823
2014-10-13,"dairy",11382
2014-10-14,"dairy",7552
2014-10-15,"dairy",7753
2014-10-16,"dairy",7912
2014-10-17,"dairy",6989
2014-10-18,"dairy",4804
2014-10-19,"dairy",31083
2014-10-20,"dairy",7549
2014-10-21,"dairy",6941
2014-10-22,"dairy",7556
2014-10-23,"dairy",6219
2014-10-24,"dairy",6334
2014-10-25,"dairy",4628
2014-10-26,"dairy",4990
2014-10-27,"dairy",6416
2014-10-28,"dairy",6813
2014-10-29,"dairy",6590
2014-10-30,"dairy",6043
2014-10-31,"dairy",5263
2014-11-01,"dairy",4227
2014-11-02,"dairy",4465
2014-11-03,"dairy",8183
2014-11-04,"dairy",7662
2014-11-05,"dairy",7451
2014-11-06,"dairy",7866
2014-11-07,"dairy",6556
2014-11-08,"dairy",6280
2014-11-09,"dairy",6267
2014-11-10,"dairy",6733
2014-11-11,"dairy",7168
2014-11-12,"dairy",7514
2014-11-13,"dairy",7224
2014-11-14,"dairy",6384
2014-11-15,"dairy",5086
2014-11-16,"dairy",4708
2014-11-17,"dairy",8212
2014-11-18,"dairy",8320
2014-11-19,"dairy",7300
2014-11-20,"dairy",6946
2014-11-21,"dairy",6103
2014-11-22,"dairy",4841
2014-11-23,"dairy",5089
2014-11-24,"dairy",6254
2014-11-25,"dairy",8392
2014-11-26,"dairy",7234
2014-11-27,"dairy",6505
2014-11-28,"dairy",5409
2014-11-29,"dairy",4501
2014-11-30,"dairy",5210
2014-12-01,"dairy",6560
2014-12-02,"dairy",7028
2014-12-03,"dairy",7243
2014-12-04,"dairy",8018
2014-12-05,"dairy",6667
2014-12-06,"dairy",5607
2014-12-07,"dairy",4833
2014-12-08,"dairy",7063
2014-12-09,"dairy",6562
2014-12-10,"dairy",6484
2014-12-11,"dairy",6968
2014-12-12,"dairy",6324
2014-12-13,"dairy",4974
2014-12-14,"dairy",5355
2014-12-15,"dairy",6712
2014-12-16,"dairy",5824
2014-12-17,"dairy",5812
2014-12-18,"dairy",6175
2014-12-19,"dairy",5713
2014-12-20,"dairy",4556
2014-12-21,"dairy",4422
2014-12-22,"dairy",5655
2014-12-23,"dairy",6235
2014-12-24,"dairy",5236
2014-12-25,"dairy",3440
2014-12-26,"dairy",3867
2014-12-27,"dairy",4152
2014-12-28,"dairy",4785
2014-12-29,"dairy",5475
2014-12-30,"dairy",5405
2014-12-31,"dairy",5548
2015-01-01,"dairy",4395
2015-01-02,"dairy",6328
2015-01-03,"dairy",6290
2015-01-04,"dairy",6540
2015-01-05,"dairy",6871
2015-01-06,"dairy",6979
2015-01-07,"dairy",6843
2015-01-08,"dairy",8011
2015-01-09,"dairy",7531
2015-01-10,"dairy",7079
2015-01-11,"dairy",7768
2015-01-12,"dairy",15720
2015-01-13,"dairy",11776
2015-01-14,"dairy",10116
2015-01-15,"dairy",9593
2015-01-16,"dairy",11457
2015-01-17,"dairy",11673
2015-01-18,"dairy",7502
2015-01-19,"dairy",8995
2015-01-20,"dairy",11584
2015-01-21,"dairy",9284
2015-01-22,"dairy",9069
2015-01-23,"dairy",7386
2015-01-24,"dairy",7455
2015-01-25,"dairy",6890
2015-01-26,"dairy",9761
2015-01-27,"dairy",13926
2015-01-28,"dairy",11071
2015-01-29,"dairy",10945
2015-01-30,"dairy",9507
2015-01-31,"dairy",10711
2015-02-01,"dairy",10062
2015-02-02,"dairy",7631
2015-02-03,"dairy",9479
2015-02-04,"dairy",10288
2015-02-05,"dairy",9380
2015-02-06,"dairy",8765
2015-02-07,"dairy",7111
2015-02-08,"dairy",7776
2015-02-09,"dairy",8347
2015-02-10,"dairy",8903
2015-02-11,"dairy",8211
2015-02-12,"dairy",7479
2015-02-13,"dairy",7179
2015-02-14,"dairy",5896
2015-02-15,"dairy",6976
2015-02-16,"dairy",7863
2015-02-17,"dairy",9080
2015-02-18,"dairy",8245
2015-02-19,"dairy",8065
2015-02-20,"dairy",9415
2015-02-21,"dairy",6681
2015-02-22,"dairy",7816
2015-02-23,"dairy",8252
2015-02-24,"dairy",8029
2015-02-25,"dairy",7790
2015-02-26,"dairy",8855
2015-02-27,"dairy",7005
2015-02-28,"dairy",6198
2015-03-01,"dairy",6415
2015-03-02,"dairy",7901
2015-03-03,"dairy",9212
2015-03-04,"dairy",8957
2015-03-05,"dairy",10161
2015-03-06,"dairy",8446
2015-03-07,"dairy",7114
2015-03-08,"dairy",7860
2015-03-09,"dairy",10676
2015-03-10,"dairy",12074
2015-03-11,"dairy",10792
2015-03-12,"dairy",9424
2015-03-13,"dairy",8396
2015-03-14,"dairy",8512
2015-03-15,"dairy",7426
2015-03-16,"dairy",42945
2015-03-17,"dairy",21286
2015-03-18,"dairy",10852
2015-03-19,"dairy",8744
2015-03-20,"dairy",9015
2015-03-21,"dairy",6767
2015-03-22,"dairy",7276
2015-03-23,"dairy",10184
2015-03-24,"dairy",9124
2015-03-25,"dairy",8584
2015-03-26,"dairy",7826
2015-03-27,"dairy",7557
2015-03-28,"dairy",7045
2015-03-29,"dairy",6427
2015-03-30,"dairy",8238
2015-03-31,"dairy",9740
2015-04-01,"dairy",12477
2015-04-02,"dairy",9665
2015-04-03,"dairy",8345
2015-04-04,"dairy",7275
2015-04-05,"dairy",7064
2015-04-06,"dairy",8500
2015-04-07,"dairy",7951
2015-04-08,"dairy",8410
2015-04-09,"dairy",8404
2015-04-10,"dairy",7824
2015-04-11,"dairy",5981
2015-04-12,"dairy",6920
2015-04-13,"dairy",8401
2015-04-14,"dairy",9684
2015-04-15,"dairy",8660
2015-04-16,"dairy",8249
2015-04-17,"dairy",7169
2015-04-18,"dairy",6584
2015-04-19,"dairy",6095
2015-04-20,"dairy",7309
2015-04-21,"dairy",8479
2015-04-22,"dairy",8894
2015-04-23,"dairy",11666
2015-04-24,"dairy",7850
2015-04-25,"dairy",6223
2015-04-26,"dairy",6127
2015-04-27,"dairy",7088
2015-04-28,"dairy",7802
2015-04-29,"dairy",8049
2015-04-30,"dairy",10265
